[INFO] Scanning for projects...
[WARNING] 
[WARNING] Some problems were encountered while building the effective model for org.openidentityplatform.opendj:opendj-core:bundle:5.2.0-SNAPSHOT
[WARNING] 'build.plugins.plugin.version' for org.apache.maven.plugins:maven-source-plugin is missing. @ org.openidentityplatform.opendj:opendj-parent:5.2.0-SNAPSHOT, /private/tmp/opendj-885-ddl/pom.xml, line 305, column 22
[WARNING] 'build.plugins.plugin.version' for org.codehaus.mojo:clirr-maven-plugin is missing. @ line 226, column 29
[WARNING] 
[WARNING] Some problems were encountered while building the effective model for org.openidentityplatform.opendj:opendj-doc-maven-plugin:maven-plugin:5.2.0-SNAPSHOT
[WARNING] 'build.plugins.plugin.version' for org.apache.maven.plugins:maven-source-plugin is missing. @ org.openidentityplatform.opendj:opendj-parent:5.2.0-SNAPSHOT, /private/tmp/opendj-885-ddl/pom.xml, line 305, column 22
[WARNING] 
[WARNING] Some problems were encountered while building the effective model for org.openidentityplatform.opendj:opendj-grizzly:bundle:5.2.0-SNAPSHOT
[WARNING] 'build.plugins.plugin.version' for org.apache.maven.plugins:maven-source-plugin is missing. @ org.openidentityplatform.opendj:opendj-parent:5.2.0-SNAPSHOT, /private/tmp/opendj-885-ddl/pom.xml, line 305, column 22
[WARNING] 
[WARNING] Some problems were encountered while building the effective model for org.openidentityplatform.opendj:opendj-cli:bundle:5.2.0-SNAPSHOT
[WARNING] 'build.plugins.plugin.version' for org.codehaus.mojo:cobertura-maven-plugin is missing. @ line 113, column 21
[WARNING] 'build.plugins.plugin.version' for org.apache.maven.plugins:maven-source-plugin is missing. @ org.openidentityplatform.opendj:opendj-parent:5.2.0-SNAPSHOT, /private/tmp/opendj-885-ddl/pom.xml, line 305, column 22
[WARNING] 
[WARNING] Some problems were encountered while building the effective model for org.openidentityplatform.opendj:opendj-ldap-toolkit:jar:5.2.0-SNAPSHOT
[WARNING] 'build.plugins.plugin.version' for org.apache.maven.plugins:maven-source-plugin is missing. @ org.openidentityplatform.opendj:opendj-parent:5.2.0-SNAPSHOT, /private/tmp/opendj-885-ddl/pom.xml, line 305, column 22
[WARNING] 
[WARNING] Some problems were encountered while building the effective model for org.openidentityplatform.opendj:opendj-ldap-sdk-examples:jar:5.2.0-SNAPSHOT
[WARNING] 'build.plugins.plugin.version' for org.apache.maven.plugins:maven-source-plugin is missing. @ line 69, column 21
[WARNING] 
[WARNING] Some problems were encountered while building the effective model for org.openidentityplatform.opendj:opendj-rest2ldap:bundle:5.2.0-SNAPSHOT
[WARNING] 'build.plugins.plugin.version' for org.apache.maven.plugins:maven-source-plugin is missing. @ org.openidentityplatform.opendj:opendj-parent:5.2.0-SNAPSHOT, /private/tmp/opendj-885-ddl/pom.xml, line 305, column 22
[WARNING] 
[WARNING] Some problems were encountered while building the effective model for org.openidentityplatform.opendj:opendj-maven-plugin:maven-plugin:5.2.0-SNAPSHOT
[WARNING] 'build.plugins.plugin.version' for org.apache.maven.plugins:maven-source-plugin is missing. @ org.openidentityplatform.opendj:opendj-parent:5.2.0-SNAPSHOT, /private/tmp/opendj-885-ddl/pom.xml, line 305, column 22
[WARNING] 
[WARNING] Some problems were encountered while building the effective model for org.openidentityplatform.opendj:opendj-config:bundle:5.2.0-SNAPSHOT
[WARNING] 'build.plugins.plugin.version' for org.codehaus.mojo:cobertura-maven-plugin is missing. @ line 193, column 15
[WARNING] 'build.plugins.plugin.version' for org.apache.maven.plugins:maven-source-plugin is missing. @ org.openidentityplatform.opendj:opendj-parent:5.2.0-SNAPSHOT, /private/tmp/opendj-885-ddl/pom.xml, line 305, column 22
[WARNING] 
[WARNING] Some problems were encountered while building the effective model for org.openidentityplatform.opendj:opendj-rest2ldap-servlet:war:5.2.0-SNAPSHOT
[WARNING] 'build.plugins.plugin.version' for org.apache.maven.plugins:maven-source-plugin is missing. @ org.openidentityplatform.opendj:opendj-parent:5.2.0-SNAPSHOT, /private/tmp/opendj-885-ddl/pom.xml, line 305, column 22
[WARNING] 
[WARNING] Some problems were encountered while building the effective model for org.openidentityplatform.opendj:opendj-server:bundle:5.2.0-SNAPSHOT
[WARNING] 'build.plugins.plugin.version' for org.apache.maven.plugins:maven-source-plugin is missing. @ org.openidentityplatform.opendj:opendj-parent:5.2.0-SNAPSHOT, /private/tmp/opendj-885-ddl/pom.xml, line 305, column 22
[WARNING] 
[WARNING] Some problems were encountered while building the effective model for org.openidentityplatform.opendj:opendj-server-example-plugin:jar:5.2.0-SNAPSHOT
[WARNING] 'build.plugins.plugin.version' for org.apache.maven.plugins:maven-source-plugin is missing. @ org.openidentityplatform.opendj:opendj-parent:5.2.0-SNAPSHOT, /private/tmp/opendj-885-ddl/pom.xml, line 305, column 22
[WARNING] 
[WARNING] Some problems were encountered while building the effective model for org.openidentityplatform.opendj:opendj-server-msad-plugin:jar:5.2.0-SNAPSHOT
[WARNING] 'build.plugins.plugin.version' for org.apache.maven.plugins:maven-source-plugin is missing. @ org.openidentityplatform.opendj:opendj-parent:5.2.0-SNAPSHOT, /private/tmp/opendj-885-ddl/pom.xml, line 305, column 22
[WARNING] 
[WARNING] Some problems were encountered while building the effective model for org.openidentityplatform.opendj:opendj-legacy:jar:5.2.0-SNAPSHOT
[WARNING] 'build.plugins.plugin.version' for org.apache.maven.plugins:maven-source-plugin is missing. @ org.openidentityplatform.opendj:opendj-parent:5.2.0-SNAPSHOT, /private/tmp/opendj-885-ddl/pom.xml, line 305, column 22
[WARNING] 
[WARNING] Some problems were encountered while building the effective model for org.openidentityplatform.opendj:opendj-server-legacy:jar:5.2.0-SNAPSHOT
[WARNING] 'build.plugins.plugin.version' for org.apache.maven.plugins:maven-source-plugin is missing. @ org.openidentityplatform.opendj:opendj-parent:5.2.0-SNAPSHOT, /private/tmp/opendj-885-ddl/pom.xml, line 305, column 22
[WARNING] 'build.plugins.plugin.version' for org.codehaus.mojo:cobertura-maven-plugin is missing. @ line 1156, column 15
[WARNING] 
[WARNING] Some problems were encountered while building the effective model for org.openidentityplatform.opendj:opendj-dsml-servlet:war:5.2.0-SNAPSHOT
[WARNING] 'build.plugins.plugin.version' for org.apache.maven.plugins:maven-checkstyle-plugin is missing. @ line 387, column 29
[WARNING] 'build.plugins.plugin.version' for org.apache.maven.plugins:maven-source-plugin is missing. @ org.openidentityplatform.opendj:opendj-parent:5.2.0-SNAPSHOT, /private/tmp/opendj-885-ddl/pom.xml, line 305, column 22
[WARNING] 
[WARNING] Some problems were encountered while building the effective model for org.openidentityplatform.opendj:opendj-embedded-server-examples:jar:5.2.0-SNAPSHOT
[WARNING] 'build.plugins.plugin.version' for org.apache.maven.plugins:maven-source-plugin is missing. @ line 65, column 21
[WARNING] 
[WARNING] Some problems were encountered while building the effective model for org.openidentityplatform.opendj:opendj-openidm-account-change-notification-handler:jar:5.2.0-SNAPSHOT
[WARNING] 'build.plugins.plugin.version' for org.apache.maven.plugins:maven-source-plugin is missing. @ org.openidentityplatform.opendj:opendj-parent:5.2.0-SNAPSHOT, /private/tmp/opendj-885-ddl/pom.xml, line 305, column 22
[WARNING] 
[WARNING] Some problems were encountered while building the effective model for org.openidentityplatform.opendj:opendj-svr4:pom:5.2.0-SNAPSHOT
[WARNING] 'build.plugins.plugin.version' for org.apache.maven.plugins:maven-source-plugin is missing. @ org.openidentityplatform.opendj:opendj-parent:5.2.0-SNAPSHOT, /private/tmp/opendj-885-ddl/pom.xml, line 305, column 22
[WARNING] 
[WARNING] Some problems were encountered while building the effective model for org.openidentityplatform.opendj:opendj-msi-standard:pom:5.2.0-SNAPSHOT
[WARNING] 'build.plugins.plugin.version' for org.apache.maven.plugins:maven-source-plugin is missing. @ org.openidentityplatform.opendj:opendj-parent:5.2.0-SNAPSHOT, /private/tmp/opendj-885-ddl/pom.xml, line 305, column 22
[WARNING] 
[WARNING] Some problems were encountered while building the effective model for org.openidentityplatform.opendj:opendj-msi:pom:5.2.0-SNAPSHOT
[WARNING] 'build.plugins.plugin.version' for org.apache.maven.plugins:maven-source-plugin is missing. @ org.openidentityplatform.opendj:opendj-parent:5.2.0-SNAPSHOT, /private/tmp/opendj-885-ddl/pom.xml, line 305, column 22
[WARNING] 
[WARNING] Some problems were encountered while building the effective model for org.openidentityplatform.opendj:opendj-docker:pom:5.2.0-SNAPSHOT
[WARNING] 'build.plugins.plugin.version' for org.apache.maven.plugins:maven-source-plugin is missing. @ org.openidentityplatform.opendj:opendj-parent:5.2.0-SNAPSHOT, /private/tmp/opendj-885-ddl/pom.xml, line 305, column 22
[WARNING] 
[WARNING] Some problems were encountered while building the effective model for org.openidentityplatform.opendj:opendj-packages:pom:5.2.0-SNAPSHOT
[WARNING] 'build.plugins.plugin.version' for org.apache.maven.plugins:maven-source-plugin is missing. @ org.openidentityplatform.opendj:opendj-parent:5.2.0-SNAPSHOT, /private/tmp/opendj-885-ddl/pom.xml, line 305, column 22
[WARNING] 
[WARNING] Some problems were encountered while building the effective model for org.openidentityplatform.opendj:opendj-embedded:jar:5.2.0-SNAPSHOT
[WARNING] 'build.plugins.plugin.version' for org.apache.maven.plugins:maven-source-plugin is missing. @ org.openidentityplatform.opendj:opendj-parent:5.2.0-SNAPSHOT, /private/tmp/opendj-885-ddl/pom.xml, line 305, column 22
[WARNING] 
[WARNING] Some problems were encountered while building the effective model for org.openidentityplatform.opendj:opendj-parent:pom:5.2.0-SNAPSHOT
[WARNING] 'build.plugins.plugin.version' for org.apache.maven.plugins:maven-source-plugin is missing. @ line 305, column 22
[WARNING] 
[WARNING] It is highly recommended to fix these problems because they threaten the stability of your build.
[WARNING] 
[WARNING] For this reason, future Maven versions might no longer support building such malformed projects.
[WARNING] 
[INFO] Inspecting build with total of 11 modules
[INFO] Installing Central Publishing features
[INFO] ------------------------------------------------------------------------
[INFO] Reactor Build Order:
[INFO] 
[INFO] OpenDJ Directory Services Project                                  [pom]
[INFO] OpenDJ Core APIs                                                [bundle]
[INFO] OpenDJ Grizzly Transport Provider                               [bundle]
[INFO] OpenDJ CLI API                                                  [bundle]
[INFO] OpenDJ SDK Toolkit                                                 [jar]
[INFO] OpenDJ Commons REST Adapter                                     [bundle]
[INFO] OpenDJ Maven Plugin                                       [maven-plugin]
[INFO] OpenDJ Configuration API                                        [bundle]
[INFO] OpenDJ Server NG                                                [bundle]
[INFO] OpenDJ Legacy                                                      [jar]
[INFO] OpenDJ Server                                                      [jar]
[INFO] 
[INFO] -----------< org.openidentityplatform.opendj:opendj-parent >------------
[INFO] Building OpenDJ Directory Services Project 5.2.0-SNAPSHOT         [1/11]
[INFO]   from pom.xml
[INFO] --------------------------------[ pom ]---------------------------------
[WARNING] Ignoring incompatible plugin version 4.0.0-beta-1: 
The plugin org.apache.maven.plugins:maven-source-plugin:4.0.0-beta-1 has unmet prerequisites: 
	Required Maven version 4.0.0-beta-3 is not met by current version 3.9.16
[INFO] Latest version of plugin org.apache.maven.plugins:maven-source-plugin failed compatibility check
[INFO] Looking for compatible RELEASE version of plugin org.apache.maven.plugins:maven-source-plugin
[INFO] Selected plugin org.apache.maven.plugins:maven-source-plugin:3.4.0
[INFO] 
[INFO] --- javadoc:3.12.0:jar (attach-javadocs) @ opendj-parent ---
[INFO] Skipping javadoc generation
[INFO] 
[INFO] --- source:3.4.0:jar-no-fork (attach-sources) @ opendj-parent ---
[INFO] 
[INFO] ------------< org.openidentityplatform.opendj:opendj-core >-------------
[INFO] Building OpenDJ Core APIs 5.2.0-SNAPSHOT                          [2/11]
[INFO]   from opendj-core/pom.xml
[INFO] -------------------------------[ bundle ]-------------------------------
[WARNING] Ignoring incompatible plugin version 4.0.0-beta-2: 
The plugin org.apache.maven.plugins:maven-install-plugin:4.0.0-beta-2 has unmet prerequisites: 
	Required Maven version 4.0.0-rc-2 is not met by current version 3.9.16
[INFO] Latest version of plugin org.apache.maven.plugins:maven-install-plugin failed compatibility check
[INFO] Looking for compatible RELEASE version of plugin org.apache.maven.plugins:maven-install-plugin
[WARNING] Ignoring incompatible plugin version 4.0.0-beta-1: 
The plugin org.apache.maven.plugins:maven-install-plugin:4.0.0-beta-1 has unmet prerequisites: 
	Required Maven version 4.0.0-beta-3 is not met by current version 3.9.16
[INFO] Selected plugin org.apache.maven.plugins:maven-install-plugin:3.1.4
[WARNING] Ignoring incompatible plugin version 4.0.0-beta-2: 
The plugin org.apache.maven.plugins:maven-deploy-plugin:4.0.0-beta-2 has unmet prerequisites: 
	Required Maven version 4.0.0-rc-2 is not met by current version 3.9.16
[INFO] Latest version of plugin org.apache.maven.plugins:maven-deploy-plugin failed compatibility check
[INFO] Looking for compatible RELEASE version of plugin org.apache.maven.plugins:maven-deploy-plugin
[WARNING] Ignoring incompatible plugin version 4.0.0-beta-1: 
The plugin org.apache.maven.plugins:maven-deploy-plugin:4.0.0-beta-1 has unmet prerequisites: 
	Required Maven version 4.0.0-beta-3 is not met by current version 3.9.16
[INFO] Selected plugin org.apache.maven.plugins:maven-deploy-plugin:3.1.4
[INFO] 
[INFO] --- build-helper:3.6.0:parse-version (parse-version) @ opendj-core ---
[INFO] 
[INFO] --- buildnumber:3.2.1:create (generate-buildnumber) @ opendj-core ---
[INFO] maven is executed in offline mode, Updating project files from SCM: skipped.
[INFO] Executing: /bin/sh -c cd '/private/tmp/opendj-885-ddl/opendj-core' && 'git' 'log' '-1' '--no-merges' '--format=format:%H %aI %aE %aN'
[INFO] Working directory: /private/tmp/opendj-885-ddl/opendj-core
[INFO] Storing buildNumber: 11491f14d7cf54bf3025b98d250440dd9b21a238 at timestamp: 1788777889952
[INFO] Executing: /bin/sh -c cd '/private/tmp/opendj-885-ddl/opendj-core' && 'git' 'symbolic-ref' 'HEAD'
[INFO] Working directory: /private/tmp/opendj-885-ddl/opendj-core
[INFO] Storing scmBranch: issues/885-jdbc-ddl-lock-bound
[INFO] 
[INFO] --- buildnumber:3.2.1:create (generate-timestamp) @ opendj-core ---
[INFO] Storing buildNumber: 20260907134450 at timestamp: 1788777890999
[INFO] Executing: /bin/sh -c cd '/private/tmp/opendj-885-ddl/opendj-core' && 'git' 'symbolic-ref' 'HEAD'
[INFO] Working directory: /private/tmp/opendj-885-ddl/opendj-core
[INFO] Storing scmBranch: issues/885-jdbc-ddl-lock-bound
[INFO] 
[INFO] --- org.openidentityplatform.commons.i18n-framework:maven-plugin:3.1.2:generate-messages (default) @ opendj-core ---
[INFO] Created message output directory: /private/tmp/opendj-885-ddl/opendj-core/target/generated-sources/messages
[INFO] Adding source directory: /private/tmp/opendj-885-ddl/opendj-core/target/generated-sources/messages
[INFO] Generating CoreMessages.java from core.properties
[INFO] Generating KeystoreMessages.java from keystore.properties
[INFO] 
[INFO] --- build-helper:3.6.0:add-source (default) @ opendj-core ---
[INFO] Source directory: /private/tmp/opendj-885-ddl/opendj-core/target/generated-sources/messages added.
[INFO] 
[INFO] --- resources:3.3.1:resources (default-resources) @ opendj-core ---
[INFO] Copying 18 resources from src/main/resources to target/classes
[INFO] 
[INFO] --- compiler:3.14.0:compile (default-compile) @ opendj-core ---
[INFO] Recompiling the module because of changed source code.
[INFO] Compiling 502 source files with javac [forked debug target 11] to target/classes
[WARNING] [options] location of system modules is not set in conjunction with -source 11
[WARNING]   not setting the location of system modules may lead to class files that cannot run on JDK 11
    --release 11 is recommended instead of -source 11 -target 11 because it sets the location of system modules automatically
/private/tmp/opendj-885-ddl/opendj-core/src/main/java/com/forgerock/opendj/util/ReferenceCountedObject.java:[92,23] [removal] finalize() in Object has been deprecated and marked for removal
[WARNING] /private/tmp/opendj-885-ddl/opendj-core/src/main/java/org/forgerock/opendj/ldap/CachedConnectionPool.java:[621,23] [removal] finalize() in Object has been deprecated and marked for removal
[WARNING] /private/tmp/opendj-885-ddl/opendj-core/src/main/java/org/forgerock/opendj/ldap/CachedConnectionPool.java:[855,19] [removal] finalize() in Object has been deprecated and marked for removal
[WARNING] /private/tmp/opendj-885-ddl/opendj-core/src/main/java/org/forgerock/opendj/ldap/requests/GSSAPISASLBindRequestImpl.java:[143,31] [removal] <T>doAs(Subject,PrivilegedExceptionAction<T>) in Subject has been deprecated and marked for removal
  where T is a type-variable:
    T extends Object declared in method <T>doAs(Subject,PrivilegedExceptionAction<T>)
[WARNING] /private/tmp/opendj-885-ddl/opendj-core/src/main/java/org/forgerock/opendj/ldap/requests/GSSAPISASLBindRequestImpl.java:[219,30] [removal] <T>doAs(Subject,PrivilegedExceptionAction<T>) in Subject has been deprecated and marked for removal
  where T is a type-variable:
    T extends Object declared in method <T>doAs(Subject,PrivilegedExceptionAction<T>)
[WARNING] /private/tmp/opendj-885-ddl/opendj-core/src/main/java/org/forgerock/opendj/security/OpenDJProvider.java:[128,8] [removal] AccessController in java.security has been deprecated and marked for removal
[INFO] 
[INFO] --- resources:3.3.1:testResources (default-testResources) @ opendj-core ---
[INFO] Copying 15 resources from src/test/resources to target/test-classes
[INFO] 
[INFO] --- compiler:3.14.0:testCompile (default-testCompile) @ opendj-core ---
[INFO] Recompiling the module because of changed dependency.
[INFO] Compiling 197 source files with javac [forked debug target 11] to target/test-classes
[WARNING] [options] location of system modules is not set in conjunction with -source 11
[INFO] 
[INFO] --- surefire:3.5.3:test (default-test) @ opendj-core ---
[INFO] Using auto detected provider org.apache.maven.surefire.testng.TestNGProvider
[INFO] 
[INFO] -------------------------------------------------------
[INFO]  T E S T S
[INFO] -------------------------------------------------------
[INFO] Running TestSuite
SLF4J(W): No SLF4J providers were found.
SLF4J(W): Defaulting to no-operation (NOP) logger implementation
SLF4J(W): See https://www.slf4j.org/codes.html#noProviders for further details.

Test environment:

  Java version: 26.0.1
  Java vendor:  Homebrew
  JVM name:     OpenJDK 64-Bit Server VM
  JVM version:  26.0.1
  JVM vendor:   Homebrew
  JVM info:     mixed mode, sharing
  Java home:    /usr/local/Cellar/openjdk/26.0.1/libexec/openjdk.jdk/Contents/Home
  OS:           Mac OS X 15.7.2 x86_64
  Processors:   8
  Max memory:   536870912
  Total memory: 94371840

How to read the progressive status info:

  Test duration status: {Total min:sec.  Since last status sec.}
  Test count status:  {# test classes  # test methods  # test method invocations  # test failures}.
  TestClass (the class that just completed)

{ 0:02 (  3s)}  {  0c    0m     0i 0f}  : starting
{ 0:02 (  0s)}  {  1c   72m    72i 0f}  : LDIFTestCase 
{ 0:03 (  0s)}  {  2c   85m    85i 0f}  : ConnectionEntryReaderTestCase 
{ 0:06 (  3s)}  {  3c   89m   108i 0f}  : AttributesTestCase 
{ 0:06 (  0s)}  {  4c   99m   128i 0f}  : PlainSASLBindRequestTestCase 
{ 0:06 (  0s)}  {  5c  107m   152i 0f}  : CancelExtendedRequestTestCase 
{ 0:06 (  0s)}  {  6c  121m   180i 0f}  : SimpleBindRequestTestCase 
{ 0:06 (  0s)}  {  7c  124m   203i 0f}  : IntegerEqualityMatchingRuleTest 
{ 0:06 (  0s)}  {  8c  128m   221i 0f}  : CertificateExactMatchingRuleImplTest 
{ 0:06 (  0s)}  {  9c  131m   225i 0f}  : RegexSyntaxTestCase 
{ 0:06 (  0s)}  { 10c  136m   230i 0f}  : SchemaTestCase 
{ 0:06 (  0s)}  { 11c  139m   243i 0f}  : BitStringEqualityMatchingRuleTest 
{ 0:06 (  0s)}  { 12c  143m   304i 0f}  : CollationSubstringMatchingRuleTest 
{ 0:06 (  0s)}  { 13c  157m   318i 0f}  : ConnectionStateTest 
{ 0:06 (  0s)}  { 14c  182m   343i 0f}  : AbstractAsynchronousConnectionTestCase 
{ 0:06 (  0s)}  { 15c  184m   348i 0f}  : ModificationTypeTestCase 
{ 0:06 (  0s)}  { 16c  186m   350i 0f}  : LDAPFilterDecodeNestingTest 
{ 0:06 (  0s)}  { 17c  231m  1020i 0f}  : ASN1ByteSequenceReaderTestCase 
{ 0:06 (  0s)}  { 18c  233m  1043i 0f}  : OperatingSystemTestCase 
{ 0:07 (  0s)}  { 19c  235m  1059i 0f}  : StringPrepProfileTestCase 
{ 0:07 (  0s)}  { 20c  239m  1063i 0f}  : ConnectionEntryWriterTestCase 
{ 0:07 (  0s)}  { 21c  289m  1113i 0f}  : LDIFChangeRecordWriterTestCase 
{ 0:07 (  0s)}  { 22c  310m  1272i 0f}  : RDNTestCase 
{ 0:07 (  0s)}  { 23c  322m  1284i 0f}  : PasswordModifyExtendedRequestTestCase 
{ 0:07 (  0s)}  { 24c  332m  1294i 0f}  : StartTLSExtendedRequestTestCase 
{ 0:07 (  0s)}  { 25c  344m  1372i 0f}  : FilterTestCase 
{ 0:07 (  0s)}  { 26c  378m  1408i 0f}  : AttributeTypeTest 
{ 0:07 (  0s)}  { 27c  384m  1414i 0f}  : DITStructureRuleTestCase 
{ 0:07 (  0s)}  { 28c  388m  1442i 0f}  : RelativeTimeLessThanMatchingRuleTest 
{ 0:08 (  0s)}  { 29c  392m  1469i 0f}  : RelativeTimeGreaterThanMatchingRuleTest 
{ 0:08 (  0s)}  { 30c  398m  1614i 0f}  : DistinguishedNameEqualityMatchingRuleTest 
{ 0:08 (  0s)}  { 31c  399m  1622i 0f}  : TelephoneNumberSyntaxTest 
{ 0:08 (  0s)}  { 32c  400m  1623i 0f}  : TestCaseUtilsTestCase 
{ 0:08 (  0s)}  { 33c  449m  1672i 0f}  : AttributeParserTestCase 
{ 0:08 (  0s)}  { 34c  466m  1914i 0f}  : ASN1OutputStreamWriterTestCase 
{ 0:08 (  0s)}  { 35c  471m  1919i 0f}  : ReferenceCountedObjectTestCase 
{ 0:08 (  0s)}  { 36c  475m  1923i 0f}  : SizeLimitInputStreamTestCase 
{ 0:08 (  0s)}  { 37c  496m  1944i 0f}  : TemplateTagTestCase 
{ 0:08 (  0s)}  { 38c  530m  1978i 0f}  : LDIFEntryWriterTestCase 
{ 0:08 (  0s)}  { 39c  535m  1986i 0f}  : AVATestCase 
{ 0:08 (  0s)}  { 40c  551m  2034i 0f}  : AddRequestTestCase 
{ 0:08 (  0s)}  { 41c  556m  2039i 0f}  : UnbindRequestTestCase 
{ 0:08 (  0s)}  { 41c  558m  2041i 0f}  : AttributeTypeTest 
{ 0:08 (  0s)}  { 42c  583m  2066i 0f}  : SyntaxTestCase 
{ 0:09 (  0s)}  { 43c  671m  2166i 0f}  : SchemaBuilderTestCase 
{ 0:09 (  0s)}  { 44c  672m  2181i 0f}  : BooleanSyntaxTest 
{ 0:09 (  0s)}  { 45c  673m  2194i 0f}  : WordEqualityMatchingRuleTest 
{ 0:09 (  0s)}  { 46c  729m  2253i 0f}  : MemoryBackendTestCase 
{ 0:09 (  0s)}  { 47c  776m  2925i 0f}  : ASN1InputStreamReaderTestCase 
{ 0:09 (  0s)}  { 48c  784m  3298i 0f}  : StaticUtilsTestCase 
{ 0:09 (  0s)}  { 49c  802m  3316i 0f}  : ConnectionChangeRecordWriterTestCase 
{ 0:09 (  0s)}  { 50c  805m  3319i 0f}  : OpenDJProviderSchemaTest 
{ 0:09 (  0s)}  { 51c  826m  3370i 0f}  : ByteSequenceReaderTest 
{ 0:09 (  0s)}  { 52c  838m  3394i 0f}  : AnonymousSASLBindRequestTestCase 
{ 0:09 (  0s)}  { 53c  852m  3422i 0f}  : CRAMMD5SASLBindRequestTestCase 
{ 0:09 (  0s)}  { 54c  853m  3424i 0f}  : MatchingRuleUseSyntaxTest 
{ 0:09 (  0s)}  { 55c  854m  3432i 0f}  : DITContentRuleSyntaxTest 
{ 0:09 (  0s)}  { 56c  855m  3439i 0f}  : CountryStringSyntaxTest 
{ 0:09 (  0s)}  { 57c  856m  3467i 0f}  : GeneralizedTimeSyntaxTest 
{ 0:09 (  0s)}  { 58c  862m  3473i 0f}  : MatchingRuleUseBuilderTestCase 
{ 0:10 (  0s)}  { 59c  873m  3484i 0f}  : HeartBeatConnectionFactoryTestCase 
{ 0:10 (  0s)}  { 60c  875m  3499i 0f}  : ASCIICharPropTestCase 
{ 0:10 (  0s)}  { 61c  964m  3588i 0f}  : LDIFChangeRecordReaderTestCase 
{ 0:10 (  1s)}  { 62c  978m  3602i 0f}  : KeyProtectorTest 
{ 0:10 (  0s)}  { 63c  980m  3604i 0f}  : LoadBalancerTestCase 
{ 0:10 (  0s)}  { 64c  987m  3625i 0f}  : AbandonRequestTestCase 
{ 0:10 (  0s)}  { 65c 1000m  3651i 0f}  : ModifyDNRequestTestCase 
{ 0:10 (  0s)}  { 66c 1001m  3657i 0f}  : BitStringSyntaxTest 
{ 0:10 (  0s)}  { 67c 1006m  3668i 0f}  : SchemaOptionsTestCase 
{ 0:10 (  0s)}  { 68c 1012m  3722i 0f}  : CaseIgnoreIA5SubstringMatchingRuleTest 
{ 0:10 (  0s)}  { 69c 1013m  3726i 0f}  : PresentationAddressEqualityMatchingRuleTest 
{ 0:10 (  0s)}  { 70c 1017m  3763i 0f}  : LDAPUrlTestCase 
{ 0:10 (  0s)}  { 71c 1024m  3770i 0f}  : SmallSetTest 
{ 0:11 (  1s)}  { 72c 1034m  3794i 0f}  : EntryGeneratorTestCase 
{ 0:13 (  2s)}  { 73c 1060m  3820i 0f}  : KeyStoreImplTest 
{ 0:13 (  0s)}  { 74c 1071m  3831i 0f}  : LinkedAttributeTestCase 
{ 0:13 (  0s)}  { 75c 1078m  3852i 0f}  : GenericExtendedRequestTestCase 
{ 0:13 (  0s)}  { 76c 1081m  3898i 0f}  : IntegerOrderingMatchingRuleTest 
{ 0:13 (  0s)}  { 77c 1082m  3911i 0f}  : CaseIgnoreOrderingMatchingRuleTest 
{ 0:13 (  0s)}  { 78c 1084m  3937i 0f}  : CollationLessThanOrEqualMatchingRuleTest 
{ 0:13 (  0s)}  { 79c 1090m  3977i 0f}  : CaseExactIA5SubstringMatchingRuleTest 
{ 0:13 (  0s)}  { 80c 1092m  3982i 0f}  : ConsistentHashMapTest 
{ 0:13 (  0s)}  { 81c 1094m  3984i 0f}  : AccountUsabilityResponseControlTestCase 
{ 0:13 (  0s)}  { 81c 1096m  3993i 0f}  : EntryGeneratorTestCase 
{ 0:13 (  0s)}  { 82c 1100m  3997i 0f}  : KeyStoreObjectTest 
{ 0:13 (  0s)}  { 83c 1118m  4030i 0f}  : SearchRequestTestCase 
{ 0:13 (  0s)}  { 84c 1126m  4038i 0f}  : WhoAmIExtendedRequestTestCase 
{ 0:13 (  0s)}  { 85c 1127m  4047i 0f}  : NumericStringOrderingMatchingRuleTest 
{ 0:13 (  0s)}  { 86c 1128m  4062i 0f}  : CaseIgnoreEqualityMatchingRuleTest 
{ 0:13 (  0s)}  { 87c 1129m  4142i 0f}  : ApproximateMatchingRuleTest 
{ 0:14 (  0s)}  { 88c 1168m  4186i 0f}  : ObjectClassTestCase 
{ 0:14 (  0s)}  { 89c 1200m  4308i 0f}  : AttributeDescriptionTestCase 
{ 0:14 (  0s)}  { 90c 1202m  4310i 0f}  : AffinityControlTestCase 
{ 0:14 (  0s)}  { 91c 1263m  4371i 0f}  : LDIFEntryReaderTestCase 
{ 0:14 (  0s)}  { 92c 1269m  4380i 0f}  : OpenDJProviderTest 
{ 0:14 (  0s)}  { 93c 1281m  4392i 0f}  : ExternalSASLBindRequestTestCase 
{ 0:14 (  0s)}  { 94c 1282m  4398i 0f}  : NumericStringEqualityMatchingRuleTest 
{ 0:14 (  0s)}  { 95c 1284m  4424i 0f}  : CollationGreaterThanMatchingRuleTest 
{ 0:14 (  0s)}  { 96c 1285m  4425i 0f}  : CoreSchemaTest 
{ 0:14 (  0s)}  { 97c 1287m  4451i 0f}  : CollationLessThanMatchingRuleTest 
{ 0:14 (  0s)}  { 98c 1355m  4519i 0f}  : RequestLoadBalancerTestCase 
{ 0:14 (  0s)}  { 99c 1356m  4520i 0f}  : AccountUsabilityRequestControlTestCase 
{ 0:14 (  0s)}  {100c 1366m  4530i 0f}  : ConnectionPoolTestCase 
{ 0:14 (  0s)}  {101c 1374m  4554i 0f}  : DeleteRequestTestCase 
{ 0:15 (  0s)}  {102c 1380m  4560i 0f}  : DITContentRuleTestCase 
{ 0:15 (  0s)}  {103c 1381m  4577i 0f}  : AttributeTypeSyntaxTest 
{ 0:15 (  0s)}  {104c 1384m  4586i 0f}  : CaseExactIA5EqualityMatchingRuleTest 
{ 0:15 (  0s)}  {105c 1390m  4642i 0f}  : UTCTimeSyntaxTest 
{ 0:15 (  0s)}  {106c 1400m  4708i 0f}  : AddressMaskTestCase 
{ 0:15 (  0s)}  {107c 1440m  5254i 0f}  : ByteStringTestCase 
{ 0:15 (  0s)}  {108c 1467m  5308i 0f}  : DigestMD5SASLBindRequestTestCase 
{ 0:15 (  0s)}  {109c 1468m  5311i 0f}  : TelexSyntaxTest 
{ 0:15 (  0s)}  {110c 1477m  5321i 0f}  : SubstitutionSyntaxTestCase 
{ 0:15 (  0s)}  {111c 1479m  5338i 0f}  : AuthPasswordSyntaxImplTest 
{ 0:15 (  0s)}  {112c 1480m  5356i 0f}  : GuideSyntaxTest 
{ 0:15 (  0s)}  {113c 1491m  5405i 0f}  : GSERParserTestCase 
{ 0:15 (  0s)}  {114c 1499m  5653i 0f}  : ConditionResultTestCase 
{ 0:15 (  0s)}  {115c 1523m  5701i 0f}  : GSSAPISASLBindRequestTestCase 
{ 0:15 (  0s)}  {116c 1526m  5705i 0f}  : EnumSyntaxTestCase 
{ 0:15 (  0s)}  {117c 1527m  5714i 0f}  : IntegerSyntaxTest 
{ 0:15 (  0s)}  {118c 1530m  5719i 0f}  : CaseIgnoreIA5EqualityMatchingRuleTest 
{ 0:15 (  0s)}  {119c 1531m  5721i 0f}  : OtherMailboxSyntaxTest 
{ 0:15 (  0s)}  {120c 1533m  5723i 0f}  : AttributeFilterTestCase 
{ 0:15 (  0s)}  {121c 1624m  5902i 0f}  : EntryTestCase 
{ 0:15 (  0s)}  {122c 1638m  5944i 0f}  : GenericBindRequestTestCase 
{ 0:15 (  0s)}  {123c 1639m  5952i 0f}  : CaseExactEqualityMatchingRuleTest 
{ 0:15 (  0s)}  {124c 1641m  5972i 0f}  : ObjectIdentifierEqualityMatchingRuleTest 
{ 0:15 (  0s)}  {125c 1642m  5975i 0f}  : DirectoryStringFirstComponentEqualityMatchingRuleTest 
{ 0:15 (  0s)}  {126c 1648m  5981i 0f}  : ConnectionsTestCase 
{ 0:15 (  0s)}  {127c 1651m  6116i 0f}  : ResultCodeTestCase 
{ 0:15 (  0s)}  {128c 1661m  6146i 0f}  : ModifyRequestTestCase 
{ 0:15 (  0s)}  {129c 1663m  6172i 0f}  : CollationGreaterThanOrEqualMatchingRuleTest 
{ 0:15 (  0s)}  {130c 1665m  6180i 0f}  : UUIDOrderingMatchingRuleTest 
{ 0:15 (  0s)}  {131c 1672m  6204i 0f}  : AbstractSubstringMatchingRuleImplTest 
{ 0:15 (  0s)}  {132c 1673m  6220i 0f}  : PackedLongTestCase 
{ 0:16 (  1s)}  {133c 1722m  6772i 0f}  : DNTestCase 
{ 0:16 (  0s)}  {134c 1733m  6794i 0f}  : CompareRequestTestCase 
{ 0:16 (  0s)}  {135c 1745m  6972i 0f}  : SchemaUtilsTest 
{ 0:16 (  0s)}  {136c 1746m  6974i 0f}  : IA5StringSyntaxTest 
{ 0:16 (  0s)}  {137c 1747m  6983i 0f}  : ObjectIdentifierFirstComponentEqualityMatchingRuleTest 
{ 0:16 (  0s)}  {138c 1755m  6991i 0f}  : InternalConnectionTestCase 
{ 0:16 (  0s)}  {139c 1756m  7041i 0f}  : TrustManagersTestCase 
{ 0:16 (  0s)}  {140c 1759m  7068i 0f}  : CollationEqualityMatchingRuleTest 
{ 0:16 (  0s)}  {141c 1761m  7076i 0f}  : JPEGSyntaxTest 
{ 0:16 (  0s)}  {142c 1765m  7144i 0f}  : PartialDateAndTimeMatchingRuleTestCase 
{ 0:16 (  0s)}  {143c 1777m  7220i 0f}  : GeneralizedTimeTest 
{ 0:17 (  0s)}  {144c 1800m  7299i 0f}  : ConsistentHashDistributionLoadBalancerTest 
{ 0:17 (  0s)}  {145c 1801m  7301i 0f}  : MatchingRuleSyntaxTest 
{ 0:17 (  0s)}  {146c 1804m  7312i 0f}  : UUIDEqualityMatchingRuleTest 
{ 0:17 (  0s)}  {147c 1807m  7342i 0f}  : NumericStringSubstringMatchingRuleTest 
{ 0:17 (  0s)}  {148c 1810m  7403i 0f}  : TestBase64 
{ 0:17 (  0s)}  {149c 1838m  7431i 0f}  : NameFormTestCase 
{ 0:17 (  0s)}  {150c 1839m  7443i 0f}  : UUIDSyntaxTest 
{ 0:17 (  0s)}  {151c 1843m  7477i 0f}  : SchemaCompatTest 
{ 0:17 (  0s)}  {152c 1899m  7868i 0f}  : ByteStringBuilderTestCase 
{ 0:17 (  0s)}  {153c 1900m  7871i 0f}  : CaseExactOrderingMatchingRuleTest 
{ 0:17 (  0s)}  {154c 1902m  7881i 0f}  : CertificateSyntaxTest 
{ 0:17 (  0s)}  {155c 1935m  7914i 0f}  : EntrySchemaCheckingTestCase 
{ 0:17 (  0s)}  {156c 1956m  7935i 0f}  : EntriesTestCase 
{ 0:17 (  0s)}  {157c 1958m  7963i 0f}  : GeneralizedTimeOrderingMatchingRuleTest 
{ 0:17 (  0s)}  {158c 1959m  7967i 0f}  : ProtocolInformationEqualityMatchingRuleTest 
{ 0:17 (  0s)}  {159c 1960m  7992i 0f}  : LDAPSyntaxTest 
{ 0:17 (  0s)}  {160c 1985m  8017i 0f}  : MatchingRuleTestCase 
{ 0:17 (  0s)}  {161c 1988m  8057i 0f}  : GeneralizedTimeEqualityMatchingRuleTest 
{ 0:17 (  0s)}  {162c 1991m  8068i 0f}  : BooleanEqualityMatchingRuleTest 
{ 0:17 (  0s)}  {163c 1996m  8076i 0f}  : AttributeTypeBuilderTestCase 
{ 0:17 (  0s)}  {164c 1999m  8123i 0f}  : CaseIgnoreSubstringMatchingRuleTest 
{ 0:17 (  0s)}  {165c 2002m  8156i 0f}  : CaseExactSubstringMatchingRuleTest 
{ 0:17 (  0s)}  {166c 2005m  8161i 0f}  : UniqueMemberEqualityMatchingRuleTest 
{ 0:17 (  0s)}  {167c 2010m  8169i 0f}  : ObjectClassBuilderTestCase 
{ 0:17 (  0s)}  {168c 2017m  8182i 0f}  : SearchScopeTestCase 
All of the tests passed.

Wrote full test report to:
/private/tmp/opendj-885-ddl/opendj-core/target/surefire-reports/results.txt
Test classes run interleaved: 2
Final amount of memory in use: 87,2 MB
Final number of threads: 4

[INFO] Tests run: 8182, Failures: 0, Errors: 0, Skipped: 0, Time elapsed: 18.18 s -- in TestSuite
[INFO] 
[INFO] Results:
[INFO] 
[INFO] Tests run: 8182, Failures: 0, Errors: 0, Skipped: 0
[INFO] 
[INFO] 
[INFO] --- bundle:5.1.9:bundle (default-bundle) @ opendj-core ---
[INFO] Building bundle: /private/tmp/opendj-885-ddl/opendj-core/target/org.openidentityplatform.opendj.opendj-core.jar
[INFO] Writing manifest: /private/tmp/opendj-885-ddl/opendj-core/target/classes/META-INF/MANIFEST.MF
[INFO] 
[INFO] --- javadoc:3.12.0:jar (attach-javadocs) @ opendj-core ---
[INFO] Skipping javadoc generation
[INFO] 
[INFO] --- jar:3.4.2:test-jar (default) @ opendj-core ---
[INFO] Building jar: /private/tmp/opendj-885-ddl/opendj-core/target/org.openidentityplatform.opendj.opendj-core-tests.jar
[INFO] 
[INFO] --- source:3.4.0:jar-no-fork (attach-sources) @ opendj-core ---
[INFO] Building jar: /private/tmp/opendj-885-ddl/opendj-core/target/org.openidentityplatform.opendj.opendj-core-sources.jar
[INFO] 
[INFO] >>> clirr:2.8:check (mvn verify) > compile @ opendj-core >>>
[INFO] 
[INFO] --- build-helper:3.6.0:parse-version (parse-version) @ opendj-core ---
[INFO] 
[INFO] --- buildnumber:3.2.1:create (generate-buildnumber) @ opendj-core ---
[INFO] maven is executed in offline mode, Updating project files from SCM: skipped.
[INFO] Executing: /bin/sh -c cd '/private/tmp/opendj-885-ddl/opendj-core' && 'git' 'log' '-1' '--no-merges' '--format=format:%H %aI %aE %aN'
[INFO] Working directory: /private/tmp/opendj-885-ddl/opendj-core
[INFO] Storing buildNumber: 11491f14d7cf54bf3025b98d250440dd9b21a238 at timestamp: 1788777944514
[INFO] Executing: /bin/sh -c cd '/private/tmp/opendj-885-ddl/opendj-core' && 'git' 'symbolic-ref' 'HEAD'
[INFO] Working directory: /private/tmp/opendj-885-ddl/opendj-core
[INFO] Storing scmBranch: issues/885-jdbc-ddl-lock-bound
[INFO] 
[INFO] --- buildnumber:3.2.1:create (generate-timestamp) @ opendj-core ---
[INFO] Storing buildNumber: 20260907134545 at timestamp: 1788777945124
[INFO] Executing: /bin/sh -c cd '/private/tmp/opendj-885-ddl/opendj-core' && 'git' 'symbolic-ref' 'HEAD'
[INFO] Working directory: /private/tmp/opendj-885-ddl/opendj-core
[INFO] Storing scmBranch: issues/885-jdbc-ddl-lock-bound
[INFO] 
[INFO] --- org.openidentityplatform.commons.i18n-framework:maven-plugin:3.1.2:generate-messages (default) @ opendj-core ---
[INFO] Adding source directory: /private/tmp/opendj-885-ddl/opendj-core/target/generated-sources/messages
[INFO] CoreMessages.java is up to date
[INFO] KeystoreMessages.java is up to date
[INFO] 
[INFO] --- build-helper:3.6.0:add-source (default) @ opendj-core ---
[INFO] Source directory: /private/tmp/opendj-885-ddl/opendj-core/target/generated-sources/messages added.
[INFO] 
[INFO] --- resources:3.3.1:resources (default-resources) @ opendj-core ---
[INFO] Copying 18 resources from src/main/resources to target/classes
[INFO] 
[INFO] --- compiler:3.14.0:compile (default-compile) @ opendj-core ---
[INFO] Nothing to compile - all classes are up to date.
[WARNING] Overwriting artifact's file from /private/tmp/opendj-885-ddl/opendj-core/target/org.openidentityplatform.opendj.opendj-core.jar to /private/tmp/opendj-885-ddl/opendj-core/target/classes
[INFO] 
[INFO] <<< clirr:2.8:check (mvn verify) < compile @ opendj-core <<<
[INFO] 
[INFO] 
[INFO] --- clirr:2.8:check (mvn verify) @ opendj-core ---
[WARNING] Impossible to find previous version
[INFO] Проверка завершена успешно. Ошибок: 0; предупреждений: 0; остальных: 0.
[INFO] 
[INFO] -----------< org.openidentityplatform.opendj:opendj-grizzly >-----------
[INFO] Building OpenDJ Grizzly Transport Provider 5.2.0-SNAPSHOT         [3/11]
[INFO]   from opendj-grizzly/pom.xml
[INFO] -------------------------------[ bundle ]-------------------------------
[INFO] 
[INFO] --- build-helper:3.6.0:parse-version (parse-version) @ opendj-grizzly ---
[INFO] 
[INFO] --- org.openidentityplatform.commons.i18n-framework:maven-plugin:3.1.2:generate-messages (default) @ opendj-grizzly ---
[INFO] Created message output directory: /private/tmp/opendj-885-ddl/opendj-grizzly/target/generated-sources/messages
[INFO] Adding source directory: /private/tmp/opendj-885-ddl/opendj-grizzly/target/generated-sources/messages
[INFO] Generating GrizzlyMessages.java from grizzly.properties
[INFO] 
[INFO] --- build-helper:3.6.0:add-source (default) @ opendj-grizzly ---
[INFO] Source directory: /private/tmp/opendj-885-ddl/opendj-grizzly/target/generated-sources/messages added.
[INFO] 
[INFO] --- resources:3.3.1:resources (default-resources) @ opendj-grizzly ---
[INFO] Copying 2 resources from src/main/resources to target/classes
[INFO] 
[INFO] --- compiler:3.14.0:compile (default-compile) @ opendj-grizzly ---
[INFO] Recompiling the module because of changed dependency.
[INFO] Compiling 21 source files with javac [forked debug target 11] to target/classes
[WARNING] [options] location of system modules is not set in conjunction with -source 11
[INFO] 
[INFO] --- resources:3.3.1:testResources (default-testResources) @ opendj-grizzly ---
[INFO] skip non existing resourceDirectory /private/tmp/opendj-885-ddl/opendj-grizzly/src/test/resources
[INFO] 
[INFO] --- compiler:3.14.0:testCompile (default-testCompile) @ opendj-grizzly ---
[INFO] Recompiling the module because of changed dependency.
[INFO] Compiling 9 source files with javac [forked debug target 11] to target/test-classes
[WARNING] [options] location of system modules is not set in conjunction with -source 11
[INFO] 
[INFO] --- surefire:3.5.3:test (default-test) @ opendj-grizzly ---
[INFO] Using auto detected provider org.apache.maven.surefire.testng.TestNGProvider
[INFO] 
[INFO] -------------------------------------------------------
[INFO]  T E S T S
[INFO] -------------------------------------------------------
[INFO] Running TestSuite
SLF4J(W): No SLF4J providers were found.
SLF4J(W): Defaulting to no-operation (NOP) logger implementation
SLF4J(W): See https://www.slf4j.org/codes.html#noProviders for further details.

Test environment:

  Java version: 26.0.1
  Java vendor:  Homebrew
  JVM name:     OpenJDK 64-Bit Server VM
  JVM version:  26.0.1
  JVM vendor:   Homebrew
  JVM info:     mixed mode, sharing
  Java home:    /usr/local/Cellar/openjdk/26.0.1/libexec/openjdk.jdk/Contents/Home
  OS:           Mac OS X 15.7.2 x86_64
  Processors:   8
  Max memory:   536870912
  Total memory: 94371840

How to read the progressive status info:

  Test duration status: {Total min:sec.  Since last status sec.}
  Test count status:  {# test classes  # test methods  # test method invocations  # test failures}.
  TestClass (the class that just completed)

{ 0:01 (  1s)}  {  0c    0m     0i 0f}  : starting
{ 0:05 (  4s)}  {  1c   10m    10i 0f}  : GrizzlyLDAPListenerTestCase 
{ 0:06 (  1s)}  {  2c   18m    87i 0f}  : ConnectionFactoryTestCase 
{ 0:06 (  0s)}  {  3c   35m   329i 0f}  : ASN1BufferWriterTestCase 
{ 0:07 (  1s)}  {  4c   43m   337i 0f}  : GrizzlyLDAPConnectionFactoryTestCase 
{ 0:07 (  0s)}  {  5c   45m   339i 0f}  : GrizzlyLDAPConnectionTestCase 
{ 0:07 (  0s)}  {  6c   50m   344i 0f}  : GrizzlyUtilsTestCase 
{ 0:07 (  0s)}  {  7c   51m   367i 0f}  : GrizzlyLDAPReaderWriterTestCase 
{ 0:07 (  0s)}  {  8c   52m   368i 0f}  : DefaultTCPNIOTransportTestCase 
{ 0:07 (  0s)}  {  9c   97m  1038i 0f}  : ASN1BufferReaderTestCase 
All of the tests passed.

Wrote full test report to:
/private/tmp/opendj-885-ddl/opendj-grizzly/target/surefire-reports/results.txt
Test classes run interleaved: 0
Final amount of memory in use: 38,0 MB
Final number of threads: 23

[INFO] Tests run: 1038, Failures: 0, Errors: 0, Skipped: 0, Time elapsed: 7.920 s -- in TestSuite
[INFO] 
[INFO] Results:
[INFO] 
[INFO] Tests run: 1038, Failures: 0, Errors: 0, Skipped: 0
[INFO] 
[INFO] 
[INFO] --- bundle:5.1.9:bundle (default-bundle) @ opendj-grizzly ---
[INFO] Building bundle: /private/tmp/opendj-885-ddl/opendj-grizzly/target/org.openidentityplatform.opendj.opendj-grizzly.jar
[INFO] Writing manifest: /private/tmp/opendj-885-ddl/opendj-grizzly/target/classes/META-INF/MANIFEST.MF
[INFO] 
[INFO] --- javadoc:3.12.0:jar (attach-javadocs) @ opendj-grizzly ---
[INFO] Skipping javadoc generation
[INFO] 
[INFO] --- source:3.4.0:jar-no-fork (attach-sources) @ opendj-grizzly ---
[INFO] Building jar: /private/tmp/opendj-885-ddl/opendj-grizzly/target/org.openidentityplatform.opendj.opendj-grizzly-sources.jar
[INFO] 
[INFO] -------------< org.openidentityplatform.opendj:opendj-cli >-------------
[INFO] Building OpenDJ CLI API 5.2.0-SNAPSHOT                            [4/11]
[INFO]   from opendj-cli/pom.xml
[INFO] -------------------------------[ bundle ]-------------------------------
[INFO] 
[INFO] --- build-helper:3.6.0:parse-version (parse-version) @ opendj-cli ---
[INFO] 
[INFO] --- org.openidentityplatform.commons.i18n-framework:maven-plugin:3.1.2:generate-messages (default) @ opendj-cli ---
[INFO] Created message output directory: /private/tmp/opendj-885-ddl/opendj-cli/target/generated-sources/messages
[INFO] Adding source directory: /private/tmp/opendj-885-ddl/opendj-cli/target/generated-sources/messages
[INFO] Generating CliMessages.java from cli.properties
[INFO] 
[INFO] --- build-helper:3.6.0:add-source (default) @ opendj-cli ---
[INFO] Source directory: /private/tmp/opendj-885-ddl/opendj-cli/target/generated-sources/messages added.
[INFO] 
[INFO] --- resources:3.3.1:resources (default-resources) @ opendj-cli ---
[INFO] Copying 21 resources from src/main/resources to target/classes
[INFO] 
[INFO] --- compiler:3.14.0:compile (default-compile) @ opendj-cli ---
[INFO] Recompiling the module because of changed dependency.
[INFO] Compiling 42 source files with javac [forked debug target 11] to target/classes
[WARNING] [options] location of system modules is not set in conjunction with -source 11
[INFO] 
[INFO] --- resources:3.3.1:testResources (default-testResources) @ opendj-cli ---
[INFO] skip non existing resourceDirectory /private/tmp/opendj-885-ddl/opendj-cli/src/test/resources
[INFO] 
[INFO] --- compiler:3.14.0:testCompile (default-testCompile) @ opendj-cli ---
[INFO] Recompiling the module because of changed dependency.
[INFO] Compiling 5 source files with javac [forked debug target 11] to target/test-classes
[WARNING] [options] location of system modules is not set in conjunction with -source 11
[INFO] 
[INFO] --- surefire:3.5.3:test (default-test) @ opendj-cli ---
[INFO] Using auto detected provider org.apache.maven.surefire.testng.TestNGProvider
[INFO] 
[INFO] -------------------------------------------------------
[INFO]  T E S T S
[INFO] -------------------------------------------------------
[INFO] Running TestSuite

Test environment:

  Java version: 26.0.1
  Java vendor:  Homebrew
  JVM name:     OpenJDK 64-Bit Server VM
  JVM version:  26.0.1
  JVM vendor:   Homebrew
  JVM info:     mixed mode, sharing
  Java home:    /usr/local/Cellar/openjdk/26.0.1/libexec/openjdk.jdk/Contents/Home
  OS:           Mac OS X 15.7.2 x86_64
  Processors:   8
  Max memory:   536870912
  Total memory: 31457280

How to read the progressive status info:

  Test duration status: {Total min:sec.  Since last status sec.}
  Test count status:  {# test classes  # test methods  # test method invocations  # test failures}.
  TestClass (the class that just completed)

{ 0:00 (  0s)}  {  0c    0m     0i 0f}  : starting
{ 0:00 (  0s)}  {  1c    7m     7i 0f}  : ConsoleApplicationTestCase 
SLF4J(W): No SLF4J providers were found.
SLF4J(W): Defaulting to no-operation (NOP) logger implementation
SLF4J(W): See https://www.slf4j.org/codes.html#noProviders for further details.
{ 0:00 (  0s)}  {  2c   22m    22i 0f}  : TestSubCommandTestCase 
{ 0:01 (  1s)}  {  3c   28m    28i 0f}  : UtilsTestCase 
{ 0:01 (  0s)}  {  4c   35m    46i 0f}  : TestSubCommandArgumentParserTestCase 
All of the tests passed.

Wrote full test report to:
/private/tmp/opendj-885-ddl/opendj-cli/target/surefire-reports/results.txt
Test classes run interleaved: 0
Final amount of memory in use: 17,5 MB
Final number of threads: 3

[INFO] Tests run: 46, Failures: 0, Errors: 0, Skipped: 0, Time elapsed: 1.361 s -- in TestSuite
[INFO] 
[INFO] Results:
[INFO] 
[INFO] Tests run: 46, Failures: 0, Errors: 0, Skipped: 0
[INFO] 
[INFO] 
[INFO] --- bundle:5.1.9:bundle (default-bundle) @ opendj-cli ---
[INFO] Building bundle: /private/tmp/opendj-885-ddl/opendj-cli/target/org.openidentityplatform.opendj.opendj-cli.jar
[INFO] Writing manifest: /private/tmp/opendj-885-ddl/opendj-cli/target/classes/META-INF/MANIFEST.MF
[INFO] 
[INFO] --- javadoc:3.12.0:jar (attach-javadocs) @ opendj-cli ---
[INFO] Skipping javadoc generation
[INFO] 
[INFO] --- source:3.4.0:jar-no-fork (attach-sources) @ opendj-cli ---
[INFO] Building jar: /private/tmp/opendj-885-ddl/opendj-cli/target/org.openidentityplatform.opendj.opendj-cli-sources.jar
[INFO] 
[INFO] --------< org.openidentityplatform.opendj:opendj-ldap-toolkit >---------
[INFO] Building OpenDJ SDK Toolkit 5.2.0-SNAPSHOT                        [5/11]
[INFO]   from opendj-ldap-toolkit/pom.xml
[INFO] --------------------------------[ jar ]---------------------------------
[INFO] 
[INFO] --- build-helper:3.6.0:parse-version (parse-version) @ opendj-ldap-toolkit ---
[INFO] 
[INFO] --- org.openidentityplatform.commons.i18n-framework:maven-plugin:3.1.2:generate-messages (default) @ opendj-ldap-toolkit ---
[INFO] Created message output directory: /private/tmp/opendj-885-ddl/opendj-ldap-toolkit/target/generated-sources/messages
[INFO] Adding source directory: /private/tmp/opendj-885-ddl/opendj-ldap-toolkit/target/generated-sources/messages
[INFO] Generating ToolsMessages.java from tools.properties
[INFO] 
[INFO] --- build-helper:3.6.0:add-source (default) @ opendj-ldap-toolkit ---
[INFO] Source directory: /private/tmp/opendj-885-ddl/opendj-ldap-toolkit/target/generated-sources/messages added.
[INFO] 
[INFO] --- resources:3.3.1:resources (default-resources) @ opendj-ldap-toolkit ---
[INFO] Copying 10 resources from src/main/resources to target/classes
[INFO] 
[INFO] --- compiler:3.14.0:compile (default-compile) @ opendj-ldap-toolkit ---
[INFO] Recompiling the module because of changed dependency.
[INFO] Compiling 24 source files with javac [forked debug target 11] to target/classes
[WARNING] [options] location of system modules is not set in conjunction with -source 11
[INFO] 
[INFO] --- resources:3.3.1:testResources (default-testResources) @ opendj-ldap-toolkit ---
[INFO] Copying 42 resources from src/test/resources to target/test-classes
[INFO] 
[INFO] --- compiler:3.14.0:testCompile (default-testCompile) @ opendj-ldap-toolkit ---
[INFO] Recompiling the module because of changed dependency.
[INFO] Compiling 21 source files with javac [forked debug target 11] to target/test-classes
[WARNING] [options] location of system modules is not set in conjunction with -source 11
[INFO] 
[INFO] --- surefire:3.5.3:test (default-test) @ opendj-ldap-toolkit ---
[INFO] Using auto detected provider org.apache.maven.surefire.testng.TestNGProvider
[INFO] 
[INFO] -------------------------------------------------------
[INFO]  T E S T S
[INFO] -------------------------------------------------------
[INFO] Running TestSuite

Test environment:

  Java version: 26.0.1
  Java vendor:  Homebrew
  JVM name:     OpenJDK 64-Bit Server VM
  JVM version:  26.0.1
  JVM vendor:   Homebrew
  JVM info:     mixed mode, sharing
  Java home:    /usr/local/Cellar/openjdk/26.0.1/libexec/openjdk.jdk/Contents/Home
  OS:           Mac OS X 15.7.2 x86_64
  Processors:   8
  Max memory:   536870912
  Total memory: 31457280

How to read the progressive status info:

  Test duration status: {Total min:sec.  Since last status sec.}
  Test count status:  {# test classes  # test methods  # test method invocations  # test failures}.
  TestClass (the class that just completed)

{ 0:00 (  0s)}  {  0c    0m     0i 0f}  : starting
SLF4J(W): No SLF4J providers were found.
SLF4J(W): Defaulting to no-operation (NOP) logger implementation
SLF4J(W): See https://www.slf4j.org/codes.html#noProviders for further details.
{ 0:00 (  1s)}  {  1c    9m    63i 0f}  : Base64TestCase 
{ 0:02 (  2s)}  {  2c   17m    94i 0f}  : LDAPModifyTestCase 
{ 0:02 (  0s)}  {  3c   29m   142i 0f}  : LDAPSearchTestCase 
{ 0:02 (  0s)}  {  4c   38m   153i 0f}  : LDIFModifyTestCase 
{ 0:03 (  0s)}  {  5c   46m   187i 0f}  : LDAPCompareTestCase 
{ 0:03 (  0s)}  {  6c   52m   208i 0f}  : LDIFDiffTestCase 
{ 0:03 (  0s)}  {  7c   53m   209i 0f}  : ConnectionFactoryProviderTest 
{ 0:03 (  0s)}  {  8c   58m   239i 0f}  : LDAPPasswordModifyTestCase 
{ 0:03 (  0s)}  {  9c   68m   253i 0f}  : ArgumentParserToolsTestCase 
{ 0:03 (  0s)}  { 10c   77m   271i 0f}  : LDIFSearchTestCase 
{ 0:03 (  0s)}  { 11c   83m   291i 0f}  : LDAPDeleteTestCase 
All of the tests passed.

Wrote full test report to:
/private/tmp/opendj-885-ddl/opendj-ldap-toolkit/target/surefire-reports/results.txt
Test classes run interleaved: 0
Final amount of memory in use: 22,9 MB
Final number of threads: 25

[INFO] Tests run: 291, Failures: 0, Errors: 0, Skipped: 0, Time elapsed: 4.130 s -- in TestSuite
[INFO] 
[INFO] Results:
[INFO] 
[INFO] Tests run: 291, Failures: 0, Errors: 0, Skipped: 0
[INFO] 
[INFO] 
[INFO] --- jar:3.4.2:jar (default-jar) @ opendj-ldap-toolkit ---
[INFO] Building jar: /private/tmp/opendj-885-ddl/opendj-ldap-toolkit/target/org.openidentityplatform.opendj.opendj-ldap-toolkit.jar
[INFO] 
[INFO] --- javadoc:3.12.0:jar (attach-javadocs) @ opendj-ldap-toolkit ---
[INFO] Skipping javadoc generation
[INFO] 
[INFO] --- assembly:3.7.1:single (make-assembly) @ opendj-ldap-toolkit ---
[INFO] Reading assembly descriptor: src/main/assembly/descriptor.xml
[INFO] Building zip: /private/tmp/opendj-885-ddl/opendj-ldap-toolkit/target/org.openidentityplatform.opendj.opendj-ldap-toolkit.zip
[INFO] 
[INFO] --- failsafe:3.5.3:integration-test (default) @ opendj-ldap-toolkit ---
[INFO] 
[INFO] --- source:3.4.0:jar-no-fork (attach-sources) @ opendj-ldap-toolkit ---
[INFO] Building jar: /private/tmp/opendj-885-ddl/opendj-ldap-toolkit/target/org.openidentityplatform.opendj.opendj-ldap-toolkit-sources.jar
[INFO] 
[INFO] --- failsafe:3.5.3:verify (default) @ opendj-ldap-toolkit ---
[INFO] No tests to run.
[INFO] 
[INFO] ----------< org.openidentityplatform.opendj:opendj-rest2ldap >----------
[INFO] Building OpenDJ Commons REST Adapter 5.2.0-SNAPSHOT               [6/11]
[INFO]   from opendj-rest2ldap/pom.xml
[INFO] -------------------------------[ bundle ]-------------------------------
[INFO] 
[INFO] --- build-helper:3.6.0:parse-version (parse-version) @ opendj-rest2ldap ---
[INFO] 
[INFO] --- org.openidentityplatform.commons.i18n-framework:maven-plugin:3.1.2:generate-messages (default) @ opendj-rest2ldap ---
[INFO] Created message output directory: /private/tmp/opendj-885-ddl/opendj-rest2ldap/target/generated-sources/messages
[INFO] Adding source directory: /private/tmp/opendj-885-ddl/opendj-rest2ldap/target/generated-sources/messages
[INFO] Generating Rest2ldapMessages.java from rest2ldap.properties
[INFO] 
[INFO] --- build-helper:3.6.0:add-source (default) @ opendj-rest2ldap ---
[INFO] Source directory: /private/tmp/opendj-885-ddl/opendj-rest2ldap/target/generated-sources/messages added.
[INFO] 
[INFO] --- resources:3.3.1:resources (default-resources) @ opendj-rest2ldap ---
[INFO] Copying 11 resources from src/main/resources to target/classes
[INFO] 
[INFO] --- compiler:3.14.0:compile (default-compile) @ opendj-rest2ldap ---
[INFO] Recompiling the module because of changed dependency.
[INFO] Compiling 57 source files with javac [forked debug target 11] to target/classes
[WARNING] [options] location of system modules is not set in conjunction with -source 11
[INFO] 
[INFO] --- resources:3.3.1:testResources (default-testResources) @ opendj-rest2ldap ---
[INFO] skip non existing resourceDirectory /private/tmp/opendj-885-ddl/opendj-rest2ldap/src/test/resources
[INFO] 
[INFO] --- compiler:3.14.0:testCompile (default-testCompile) @ opendj-rest2ldap ---
[INFO] Recompiling the module because of changed dependency.
[INFO] Compiling 18 source files with javac [forked debug target 11] to target/test-classes
[WARNING] [options] location of system modules is not set in conjunction with -source 11
[INFO] 
[INFO] --- surefire:3.5.3:test (default-test) @ opendj-rest2ldap ---
[INFO] Using auto detected provider org.apache.maven.surefire.testng.TestNGProvider
[INFO] 
[INFO] -------------------------------------------------------
[INFO]  T E S T S
[INFO] -------------------------------------------------------
[INFO] Running TestSuite
SLF4J(W): No SLF4J providers were found.
SLF4J(W): Defaulting to no-operation (NOP) logger implementation
SLF4J(W): See https://www.slf4j.org/codes.html#noProviders for further details.

Test environment:

  Java version: 26.0.1
  Java vendor:  Homebrew
  JVM name:     OpenJDK 64-Bit Server VM
  JVM version:  26.0.1
  JVM vendor:   Homebrew
  JVM info:     mixed mode, sharing
  Java home:    /usr/local/Cellar/openjdk/26.0.1/libexec/openjdk.jdk/Contents/Home
  OS:           Mac OS X 15.7.2 x86_64
  Processors:   8
  Max memory:   536870912
  Total memory: 94371840

How to read the progressive status info:

  Test duration status: {Total min:sec.  Since last status sec.}
  Test count status:  {# test classes  # test methods  # test method invocations  # test failures}.
  TestClass (the class that just completed)

{ 0:01 (  1s)}  {  0c    0m     0i 0f}  : starting
{ 0:01 (  0s)}  {  1c    4m    11i 0f}  : Rest2LdapJsonConfiguratorTest 
{ 0:01 (  0s)}  {  2c   10m    35i 0f}  : Rest2LdapTest 
{ 0:01 (  0s)}  {  3c   12m    38i 0f}  : JsonPropertyMapperTest 
{ 0:01 (  0s)}  {  4c   69m    95i 0f}  : BasicRequestsTest 
{ 0:02 (  0s)}  {  5c   70m    97i 0f}  : AuthorizationTestCase 
{ 0:02 (  0s)}  {  6c   72m   107i 0f}  : DnTemplateTest 
{ 0:02 (  0s)}  {  7c   82m   427i 0f}  : JsonQueryEqualityMatchingRuleImplTest 
{ 0:02 (  0s)}  {  8c   91m   441i 0f}  : JsonQuerySyntaxImplTest 
{ 0:02 (  0s)}  {  9c  100m   480i 0f}  : JsonSyntaxImplTest 
{ 0:02 (  0s)}  { 10c  106m   503i 0f}  : OAuth2JsonConfigurationTestCase 
{ 0:02 (  0s)}  { 11c  109m   506i 0f}  : Rfc7662AccessResolverTestCase 
WARNING: A terminally deprecated method in sun.misc.Unsafe has been called
WARNING: sun.misc.Unsafe::objectFieldOffset has been called by net.bytebuddy.dynamic.loading.ClassInjector$UsingUnsafe$Dispatcher$CreationAction (file:/Users/maximthomas/.m2/repository/net/bytebuddy/byte-buddy/1.18.3/byte-buddy-1.18.3.jar)
WARNING: Please consider reporting this to the maintainers of class net.bytebuddy.dynamic.loading.ClassInjector$UsingUnsafe$Dispatcher$CreationAction
WARNING: sun.misc.Unsafe::objectFieldOffset will be removed in a future release
{ 0:04 (  1s)}  { 12c  112m   509i 0f}  : HttpBasicAuthenticationFilterTest 
{ 0:04 (  0s)}  { 13c  115m   518i 0f}  : AuthzIdTemplateTest 
{ 0:04 (  0s)}  { 14c  121m   524i 0f}  : CredentialExtractorsTest 
{ 0:04 (  0s)}  { 15c  122m   525i 0f}  : ProxiedAuthV2FilterTest 
{ 0:04 (  0s)}  { 16c  126m   529i 0f}  : CtsAccessTokenResolverTestCase 
{ 0:04 (  0s)}  { 17c  128m   531i 0f}  : DirectConnectionFilterTest 
All of the tests passed.

Wrote full test report to:
/private/tmp/opendj-885-ddl/opendj-rest2ldap/target/surefire-reports/results.txt
Test classes run interleaved: 0
Final amount of memory in use: 27,9 MB
Final number of threads: 66

[INFO] Tests run: 531, Failures: 0, Errors: 0, Skipped: 0, Time elapsed: 4.535 s -- in TestSuite
[INFO] 
[INFO] Results:
[INFO] 
[INFO] Tests run: 531, Failures: 0, Errors: 0, Skipped: 0
[INFO] 
[INFO] 
[INFO] --- bundle:5.1.9:bundle (default-bundle) @ opendj-rest2ldap ---
[INFO] Building bundle: /private/tmp/opendj-885-ddl/opendj-rest2ldap/target/org.openidentityplatform.opendj.opendj-rest2ldap.jar
[INFO] Writing manifest: /private/tmp/opendj-885-ddl/opendj-rest2ldap/target/classes/META-INF/MANIFEST.MF
[INFO] 
[INFO] --- javadoc:3.12.0:jar (attach-javadocs) @ opendj-rest2ldap ---
[INFO] Skipping javadoc generation
[INFO] 
[INFO] --- source:3.4.0:jar-no-fork (attach-sources) @ opendj-rest2ldap ---
[INFO] Building jar: /private/tmp/opendj-885-ddl/opendj-rest2ldap/target/org.openidentityplatform.opendj.opendj-rest2ldap-sources.jar
[INFO] 
[INFO] --------< org.openidentityplatform.opendj:opendj-maven-plugin >---------
[INFO] Building OpenDJ Maven Plugin 5.2.0-SNAPSHOT                       [7/11]
[INFO]   from opendj-maven-plugin/pom.xml
[INFO] ----------------------------[ maven-plugin ]----------------------------
[INFO] 
[INFO] --- resources:3.3.1:resources (default-resources) @ opendj-maven-plugin ---
[INFO] Copying 236 resources from src/main/resources to target/classes
[INFO] 
[INFO] --- compiler:3.14.0:compile (default-compile) @ opendj-maven-plugin ---
[INFO] Recompiling the module because of changed source code.
[INFO] Compiling 4 source files with javac [forked debug target 11] to target/classes
[WARNING] [options] location of system modules is not set in conjunction with -source 11
[INFO] 
[INFO] --- plugin:3.15.1:descriptor (default-descriptor) @ opendj-maven-plugin ---
[INFO] Using 'UTF-8' encoding to read mojo source files.
[INFO] java-annotations mojo extractor found 3 mojo descriptors.
[INFO] java-javadoc mojo extractor found 0 mojo descriptor.
[INFO] ant mojo extractor found 0 mojo descriptor.
[INFO] bsh mojo extractor found 0 mojo descriptor.
[INFO] 
[INFO] --- plugin:3.15.1:descriptor (mojo-descriptor) @ opendj-maven-plugin ---
[INFO] Using 'UTF-8' encoding to read mojo source files.
[INFO] java-annotations mojo extractor found 3 mojo descriptors.
[INFO] java-javadoc mojo extractor found 0 mojo descriptor.
[INFO] ant mojo extractor found 0 mojo descriptor.
[INFO] bsh mojo extractor found 0 mojo descriptor.
[INFO] 
[INFO] --- resources:3.3.1:testResources (default-testResources) @ opendj-maven-plugin ---
[INFO] skip non existing resourceDirectory /private/tmp/opendj-885-ddl/opendj-maven-plugin/src/test/resources
[INFO] 
[INFO] --- compiler:3.14.0:testCompile (default-testCompile) @ opendj-maven-plugin ---
[INFO] No sources to compile
[INFO] 
[INFO] --- surefire:3.5.3:test (default-test) @ opendj-maven-plugin ---
[INFO] No tests to run.
[INFO] 
[INFO] --- jar:3.4.2:jar (default-jar) @ opendj-maven-plugin ---
[INFO] Building jar: /private/tmp/opendj-885-ddl/opendj-maven-plugin/target/org.openidentityplatform.opendj.opendj-maven-plugin.jar
[INFO] 
[INFO] --- javadoc:3.12.0:jar (attach-javadocs) @ opendj-maven-plugin ---
[INFO] Skipping javadoc generation
[INFO] 
[INFO] --- source:3.4.0:jar-no-fork (attach-sources) @ opendj-maven-plugin ---
[INFO] Building jar: /private/tmp/opendj-885-ddl/opendj-maven-plugin/target/org.openidentityplatform.opendj.opendj-maven-plugin-sources.jar
[INFO] 
[INFO] -----------< org.openidentityplatform.opendj:opendj-config >------------
[INFO] Building OpenDJ Configuration API 5.2.0-SNAPSHOT                  [8/11]
[INFO]   from opendj-config/pom.xml
[INFO] -------------------------------[ bundle ]-------------------------------
[INFO] 
[INFO] --- build-helper:3.6.0:parse-version (parse-version) @ opendj-config ---
[INFO] 
[INFO] --- opendj:5.2.0-SNAPSHOT:generate-manifest (generate-bootstrap-manifest) @ opendj-config ---
[INFO] Setting the classpath property: [classpath.bootstrap] (debug to see actual value)
[INFO] 
[INFO] --- opendj:5.2.0-SNAPSHOT:generate-manifest (generate-bootstrap-client-manifest) @ opendj-config ---
[INFO] Setting the classpath property: [classpath.bootstrap-client] (debug to see actual value)
[INFO] 
[INFO] --- buildnumber:3.2.1:create (generate-buildnumber) @ opendj-config ---
[INFO] maven is executed in offline mode, Updating project files from SCM: skipped.
[INFO] Executing: /bin/sh -c cd '/private/tmp/opendj-885-ddl/opendj-config' && 'git' 'log' '-1' '--no-merges' '--format=format:%H %aI %aE %aN'
[INFO] Working directory: /private/tmp/opendj-885-ddl/opendj-config
[INFO] Storing buildNumber: 11491f14d7cf54bf3025b98d250440dd9b21a238 at timestamp: 1788778016190
[INFO] Executing: /bin/sh -c cd '/private/tmp/opendj-885-ddl/opendj-config' && 'git' 'symbolic-ref' 'HEAD'
[INFO] Working directory: /private/tmp/opendj-885-ddl/opendj-config
[INFO] Storing scmBranch: issues/885-jdbc-ddl-lock-bound
[INFO] 
[INFO] --- org.openidentityplatform.commons.i18n-framework:maven-plugin:3.1.2:generate-messages (default) @ opendj-config ---
[INFO] Created message output directory: /private/tmp/opendj-885-ddl/opendj-config/target/generated-sources/messages
[INFO] Adding source directory: /private/tmp/opendj-885-ddl/opendj-config/target/generated-sources/messages
[INFO] Generating ConfigMessages.java from config.properties
[INFO] Generating DsconfigMessages.java from dsconfig.properties
[INFO] 
[INFO] --- opendj:5.2.0-SNAPSHOT:generate-config (generate-config) @ opendj-config ---
[INFO] Loading XSLT stylesheets...
[INFO] Loading XML descriptors...
[INFO] Found 199 XML descriptors
[INFO] Validating XML definitions...
[INFO] Transforming XML definitions...
[INFO] Adding source directory "/private/tmp/opendj-885-ddl/opendj-config/target/generated-sources/config" to build path...
[INFO] Adding resource "/private/tmp/opendj-885-ddl/opendj-config/target/generated-resources/META-INF/services/** to resource path...
[INFO] Adding resource "/private/tmp/opendj-885-ddl/opendj-config/target/generated-resources/config/**/*.properties to resource path...
[INFO] 
[INFO] --- build-helper:3.6.0:add-source (default) @ opendj-config ---
[INFO] Source directory: /private/tmp/opendj-885-ddl/opendj-config/target/generated-sources/config added.
[INFO] Source directory: /private/tmp/opendj-885-ddl/opendj-config/target/generated-sources/messages added.
[INFO] 
[INFO] --- resources:3.3.1:resources (default-resources) @ opendj-config ---
[INFO] Copying 2 resources from src/main/resources to target/classes
[INFO] Copying 598 resources from target/generated-resources to target/classes
[INFO] Copying 0 resource from target/generated-resources to target/classes
[INFO] 
[INFO] --- compiler:3.14.0:compile (default-compile) @ opendj-config ---
[INFO] Recompiling the module because of changed dependency.
[INFO] Compiling 742 source files with javac [forked debug target 11] to target/classes
[WARNING] [options] location of system modules is not set in conjunction with -source 11
[INFO] 
[INFO] --- resources:3.3.1:testResources (default-testResources) @ opendj-config ---
[INFO] Copying 4 resources from src/test/resources to target/test-classes
[INFO] 
[INFO] --- compiler:3.14.0:testCompile (default-testCompile) @ opendj-config ---
[INFO] Recompiling the module because of changed dependency.
[INFO] Compiling 43 source files with javac [forked debug target 11] to target/test-classes
[WARNING] [options] location of system modules is not set in conjunction with -source 11
[INFO] 
[INFO] --- surefire:3.5.3:test (default-test) @ opendj-config ---
[INFO] Using auto detected provider org.apache.maven.surefire.testng.TestNGProvider
[INFO] 
[INFO] -------------------------------------------------------
[INFO]  T E S T S
[INFO] -------------------------------------------------------
[INFO] Running org.forgerock.opendj.config.ValidateConfigDefinitionsTest
SLF4J(W): No SLF4J providers were found.
SLF4J(W): Defaulting to no-operation (NOP) logger implementation
SLF4J(W): See https://www.slf4j.org/codes.html#noProviders for further details.
37

Test environment:

  Java version: 26.0.1
  Java vendor:  Homebrew
  JVM name:     OpenJDK 64-Bit Server VM
  JVM version:  26.0.1
  JVM vendor:   Homebrew
  JVM info:     mixed mode, sharing
  Java home:    /usr/local/Cellar/openjdk/26.0.1/libexec/openjdk.jdk/Contents/Home
  OS:           Mac OS X 15.7.2 x86_64
  Processors:   8
  Max memory:   536870912
  Total memory: 31457280

How to read the progressive status info:

  Test duration status: {Total min:sec.  Since last status sec.}
  Test count status:  {# test classes  # test methods  # test method invocations  # test failures}.
  TestClass (the class that just completed)

{ 0:00 (  0s)}  {  0c    0m     0i 0f}  : starting
{ 0:00 (  0s)}  {  1c    1m    37i 0f}  : ValidateConfigDefinitionsTest 
All of the tests passed.

Wrote full test report to:
/private/tmp/opendj-885-ddl/opendj-config/target/surefire-reports/results.txt
Test classes run interleaved: 0
Final amount of memory in use: 8,3 MB
Final number of threads: 3

[INFO] Tests run: 37, Failures: 0, Errors: 0, Skipped: 0, Time elapsed: 0.513 s -- in org.forgerock.opendj.config.ValidateConfigDefinitionsTest
[INFO] Running org.forgerock.opendj.config.IntegerPropertyDefinitionTest

Test environment:

  Java version: 26.0.1
  Java vendor:  Homebrew
  JVM name:     OpenJDK 64-Bit Server VM
  JVM version:  26.0.1
  JVM vendor:   Homebrew
  JVM info:     mixed mode, sharing
  Java home:    /usr/local/Cellar/openjdk/26.0.1/libexec/openjdk.jdk/Contents/Home
  OS:           Mac OS X 15.7.2 x86_64
  Processors:   8
  Max memory:   536870912
  Total memory: 31457280

How to read the progressive status info:

  Test duration status: {Total min:sec.  Since last status sec.}
  Test count status:  {# test classes  # test methods  # test method invocations  # test failures}.
  TestClass (the class that just completed)

{ 0:00 (  0s)}  {  0c    0m     0i 0f}  : starting
SLF4J(W): No SLF4J providers were found.
SLF4J(W): Defaulting to no-operation (NOP) logger implementation
SLF4J(W): See https://www.slf4j.org/codes.html#noProviders for further details.
{ 0:00 (  0s)}  {  1c   15m    26i 0f}  : IntegerPropertyDefinitionTest 
All of the tests passed.

Wrote full test report to:
/private/tmp/opendj-885-ddl/opendj-config/target/surefire-reports/results.txt
Test classes run interleaved: 0
Final amount of memory in use: 8,4 MB
Final number of threads: 3

[INFO] Tests run: 26, Failures: 0, Errors: 0, Skipped: 0, Time elapsed: 0.436 s -- in org.forgerock.opendj.config.IntegerPropertyDefinitionTest
[INFO] Running org.forgerock.opendj.config.dsconfig.BuildVersionTest

Test environment:

  Java version: 26.0.1
  Java vendor:  Homebrew
  JVM name:     OpenJDK 64-Bit Server VM
  JVM version:  26.0.1
  JVM vendor:   Homebrew
  JVM info:     mixed mode, sharing
  Java home:    /usr/local/Cellar/openjdk/26.0.1/libexec/openjdk.jdk/Contents/Home
  OS:           Mac OS X 15.7.2 x86_64
  Processors:   8
  Max memory:   536870912
  Total memory: 31457280

How to read the progressive status info:

  Test duration status: {Total min:sec.  Since last status sec.}
  Test count status:  {# test classes  # test methods  # test method invocations  # test failures}.
  TestClass (the class that just completed)

{ 0:00 (  0s)}  {  0c    0m     0i 0f}  : starting
{ 0:00 (  0s)}  {  1c    3m     3i 0f}  : BuildVersionTest 
All of the tests passed.

Wrote full test report to:
/private/tmp/opendj-885-ddl/opendj-config/target/surefire-reports/results.txt
Test classes run interleaved: 0
Final amount of memory in use: 7,9 MB
Final number of threads: 3

[INFO] Tests run: 3, Failures: 0, Errors: 0, Skipped: 0, Time elapsed: 0.295 s -- in org.forgerock.opendj.config.dsconfig.BuildVersionTest
[INFO] Running org.forgerock.opendj.config.dsconfig.DSConfigParseTest

Test environment:

  Java version: 26.0.1
  Java vendor:  Homebrew
  JVM name:     OpenJDK 64-Bit Server VM
  JVM version:  26.0.1
  JVM vendor:   Homebrew
  JVM info:     mixed mode, sharing
  Java home:    /usr/local/Cellar/openjdk/26.0.1/libexec/openjdk.jdk/Contents/Home
  OS:           Mac OS X 15.7.2 x86_64
  Processors:   8
  Max memory:   536870912
  Total memory: 31457280

How to read the progressive status info:

  Test duration status: {Total min:sec.  Since last status sec.}
  Test count status:  {# test classes  # test methods  # test method invocations  # test failures}.
  TestClass (the class that just completed)

{ 0:00 (  0s)}  {  0c    0m     0i 0f}  : starting
{ 0:00 (  0s)}  {  1c    1m     4i 0f}  : DSConfigParseTest 
All of the tests passed.

Wrote full test report to:
/private/tmp/opendj-885-ddl/opendj-config/target/surefire-reports/results.txt
Test classes run interleaved: 0
Final amount of memory in use: 7,9 MB
Final number of threads: 3

[INFO] Tests run: 4, Failures: 0, Errors: 0, Skipped: 0, Time elapsed: 0.339 s -- in org.forgerock.opendj.config.dsconfig.DSConfigParseTest
[INFO] Running org.forgerock.opendj.config.AttributeTypePropertyDefinitionTest

Test environment:

  Java version: 26.0.1
  Java vendor:  Homebrew
  JVM name:     OpenJDK 64-Bit Server VM
  JVM version:  26.0.1
  JVM vendor:   Homebrew
  JVM info:     mixed mode, sharing
  Java home:    /usr/local/Cellar/openjdk/26.0.1/libexec/openjdk.jdk/Contents/Home
  OS:           Mac OS X 15.7.2 x86_64
  Processors:   8
  Max memory:   536870912
  Total memory: 31457280

How to read the progressive status info:

  Test duration status: {Total min:sec.  Since last status sec.}
  Test count status:  {# test classes  # test methods  # test method invocations  # test failures}.
  TestClass (the class that just completed)

{ 0:00 (  0s)}  {  0c    0m     0i 0f}  : starting
SLF4J(W): No SLF4J providers were found.
SLF4J(W): Defaulting to no-operation (NOP) logger implementation
SLF4J(W): See https://www.slf4j.org/codes.html#noProviders for further details.
{ 0:01 (  1s)}  {  1c    5m     9i 0f}  : AttributeTypePropertyDefinitionTest 
All of the tests passed.

Wrote full test report to:
/private/tmp/opendj-885-ddl/opendj-config/target/surefire-reports/results.txt
Test classes run interleaved: 0
Final amount of memory in use: 17,1 MB
Final number of threads: 3

[INFO] Tests run: 9, Failures: 0, Errors: 0, Skipped: 0, Time elapsed: 1.225 s -- in org.forgerock.opendj.config.AttributeTypePropertyDefinitionTest
[INFO] Running org.forgerock.opendj.config.TestParentCfgDefn

Test environment:

  Java version: 26.0.1
  Java vendor:  Homebrew
  JVM name:     OpenJDK 64-Bit Server VM
  JVM version:  26.0.1
  JVM vendor:   Homebrew
  JVM info:     mixed mode, sharing
  Java home:    /usr/local/Cellar/openjdk/26.0.1/libexec/openjdk.jdk/Contents/Home
  OS:           Mac OS X 15.7.2 x86_64
  Processors:   8
  Max memory:   536870912
  Total memory: 31457280

How to read the progressive status info:

  Test duration status: {Total min:sec.  Since last status sec.}
  Test count status:  {# test classes  # test methods  # test method invocations  # test failures}.
  TestClass (the class that just completed)

{ 0:00 (  0s)}  {  0c    0m     0i 0f}  : starting
All of the tests passed.

Wrote full test report to:
/private/tmp/opendj-885-ddl/opendj-config/target/surefire-reports/results.txt
Test classes run interleaved: 0
Final amount of memory in use: 7,8 MB
Final number of threads: 3

[INFO] Tests run: 0, Failures: 0, Errors: 0, Skipped: 0, Time elapsed: 0.240 s -- in org.forgerock.opendj.config.TestParentCfgDefn
[INFO] Running org.forgerock.opendj.config.DNPropertyDefinitionTest

Test environment:

  Java version: 26.0.1
  Java vendor:  Homebrew
  JVM name:     OpenJDK 64-Bit Server VM
  JVM version:  26.0.1
  JVM vendor:   Homebrew
  JVM info:     mixed mode, sharing
  Java home:    /usr/local/Cellar/openjdk/26.0.1/libexec/openjdk.jdk/Contents/Home
  OS:           Mac OS X 15.7.2 x86_64
  Processors:   8
  Max memory:   536870912
  Total memory: 31457280

How to read the progressive status info:

  Test duration status: {Total min:sec.  Since last status sec.}
  Test count status:  {# test classes  # test methods  # test method invocations  # test failures}.
  TestClass (the class that just completed)

{ 0:00 (  0s)}  {  0c    0m     0i 0f}  : starting
SLF4J(W): No SLF4J providers were found.
SLF4J(W): Defaulting to no-operation (NOP) logger implementation
SLF4J(W): See https://www.slf4j.org/codes.html#noProviders for further details.
{ 0:01 (  1s)}  {  1c    5m    22i 0f}  : DNPropertyDefinitionTest 
All of the tests passed.

Wrote full test report to:
/private/tmp/opendj-885-ddl/opendj-config/target/surefire-reports/results.txt
Test classes run interleaved: 0
Final amount of memory in use: 17,2 MB
Final number of threads: 3

[INFO] Tests run: 22, Failures: 0, Errors: 0, Skipped: 0, Time elapsed: 1.175 s -- in org.forgerock.opendj.config.DNPropertyDefinitionTest
[INFO] Running org.forgerock.opendj.config.SizePropertyDefinitionTest

Test environment:

  Java version: 26.0.1
  Java vendor:  Homebrew
  JVM name:     OpenJDK 64-Bit Server VM
  JVM version:  26.0.1
  JVM vendor:   Homebrew
  JVM info:     mixed mode, sharing
  Java home:    /usr/local/Cellar/openjdk/26.0.1/libexec/openjdk.jdk/Contents/Home
  OS:           Mac OS X 15.7.2 x86_64
  Processors:   8
  Max memory:   536870912
  Total memory: 31457280

How to read the progressive status info:

  Test duration status: {Total min:sec.  Since last status sec.}
  Test count status:  {# test classes  # test methods  # test method invocations  # test failures}.
  TestClass (the class that just completed)

{ 0:00 (  0s)}  {  0c    0m     0i 0f}  : starting
SLF4J(W): No SLF4J providers were found.
SLF4J(W): Defaulting to no-operation (NOP) logger implementation
SLF4J(W): See https://www.slf4j.org/codes.html#noProviders for further details.
{ 0:00 (  0s)}  {  1c   16m    39i 0f}  : SizePropertyDefinitionTest 
All of the tests passed.

Wrote full test report to:
/private/tmp/opendj-885-ddl/opendj-config/target/surefire-reports/results.txt
Test classes run interleaved: 0
Final amount of memory in use: 8,4 MB
Final number of threads: 3

[INFO] Tests run: 39, Failures: 0, Errors: 0, Skipped: 0, Time elapsed: 0.491 s -- in org.forgerock.opendj.config.SizePropertyDefinitionTest
[INFO] Running org.forgerock.opendj.config.TestTopCfgDefnTest

Test environment:

  Java version: 26.0.1
  Java vendor:  Homebrew
  JVM name:     OpenJDK 64-Bit Server VM
  JVM version:  26.0.1
  JVM vendor:   Homebrew
  JVM info:     mixed mode, sharing
  Java home:    /usr/local/Cellar/openjdk/26.0.1/libexec/openjdk.jdk/Contents/Home
  OS:           Mac OS X 15.7.2 x86_64
  Processors:   8
  Max memory:   536870912
  Total memory: 31457280

How to read the progressive status info:

  Test duration status: {Total min:sec.  Since last status sec.}
  Test count status:  {# test classes  # test methods  # test method invocations  # test failures}.
  TestClass (the class that just completed)

{ 0:00 (  0s)}  {  0c    0m     0i 0f}  : starting
SLF4J(W): No SLF4J providers were found.
SLF4J(W): Defaulting to no-operation (NOP) logger implementation
SLF4J(W): See https://www.slf4j.org/codes.html#noProviders for further details.
{ 0:00 (  0s)}  {  1c   13m    13i 0f}  : TestTopCfgDefnTest 
All of the tests passed.

Wrote full test report to:
/private/tmp/opendj-885-ddl/opendj-config/target/surefire-reports/results.txt
Test classes run interleaved: 0
Final amount of memory in use: 8,2 MB
Final number of threads: 3

[INFO] Tests run: 13, Failures: 0, Errors: 0, Skipped: 0, Time elapsed: 0.420 s -- in org.forgerock.opendj.config.TestTopCfgDefnTest
[INFO] Running org.forgerock.opendj.config.TestChildCfgClient

Test environment:

  Java version: 26.0.1
  Java vendor:  Homebrew
  JVM name:     OpenJDK 64-Bit Server VM
  JVM version:  26.0.1
  JVM vendor:   Homebrew
  JVM info:     mixed mode, sharing
  Java home:    /usr/local/Cellar/openjdk/26.0.1/libexec/openjdk.jdk/Contents/Home
  OS:           Mac OS X 15.7.2 x86_64
  Processors:   8
  Max memory:   536870912
  Total memory: 31457280

How to read the progressive status info:

  Test duration status: {Total min:sec.  Since last status sec.}
  Test count status:  {# test classes  # test methods  # test method invocations  # test failures}.
  TestClass (the class that just completed)

{ 0:00 (  0s)}  {  0c    0m     0i 0f}  : starting
All of the tests passed.

Wrote full test report to:
/private/tmp/opendj-885-ddl/opendj-config/target/surefire-reports/results.txt
Test classes run interleaved: 0
Final amount of memory in use: 7,7 MB
Final number of threads: 3

[INFO] Tests run: 0, Failures: 0, Errors: 0, Skipped: 0, Time elapsed: 0.227 s -- in org.forgerock.opendj.config.TestChildCfgClient
[INFO] Running org.forgerock.opendj.config.ConfigTestCase

Test environment:

  Java version: 26.0.1
  Java vendor:  Homebrew
  JVM name:     OpenJDK 64-Bit Server VM
  JVM version:  26.0.1
  JVM vendor:   Homebrew
  JVM info:     mixed mode, sharing
  Java home:    /usr/local/Cellar/openjdk/26.0.1/libexec/openjdk.jdk/Contents/Home
  OS:           Mac OS X 15.7.2 x86_64
  Processors:   8
  Max memory:   536870912
  Total memory: 31457280

How to read the progressive status info:

  Test duration status: {Total min:sec.  Since last status sec.}
  Test count status:  {# test classes  # test methods  # test method invocations  # test failures}.
  TestClass (the class that just completed)

{ 0:00 (  0s)}  {  0c    0m     0i 0f}  : starting
All of the tests passed.

Wrote full test report to:
/private/tmp/opendj-885-ddl/opendj-config/target/surefire-reports/results.txt
Test classes run interleaved: 0
Final amount of memory in use: 7,8 MB
Final number of threads: 3

[INFO] Tests run: 0, Failures: 0, Errors: 0, Skipped: 0, Time elapsed: 0.261 s -- in org.forgerock.opendj.config.ConfigTestCase
[INFO] Running org.forgerock.opendj.config.ClassPropertyDefinitionTest

Test environment:

  Java version: 26.0.1
  Java vendor:  Homebrew
  JVM name:     OpenJDK 64-Bit Server VM
  JVM version:  26.0.1
  JVM vendor:   Homebrew
  JVM info:     mixed mode, sharing
  Java home:    /usr/local/Cellar/openjdk/26.0.1/libexec/openjdk.jdk/Contents/Home
  OS:           Mac OS X 15.7.2 x86_64
  Processors:   8
  Max memory:   536870912
  Total memory: 31457280

How to read the progressive status info:

  Test duration status: {Total min:sec.  Since last status sec.}
  Test count status:  {# test classes  # test methods  # test method invocations  # test failures}.
  TestClass (the class that just completed)

{ 0:00 (  0s)}  {  0c    0m     0i 0f}  : starting
SLF4J(W): No SLF4J providers were found.
SLF4J(W): Defaulting to no-operation (NOP) logger implementation
SLF4J(W): See https://www.slf4j.org/codes.html#noProviders for further details.
{ 0:00 (  0s)}  {  1c    4m    17i 0f}  : ClassPropertyDefinitionTest 
All of the tests passed.

Wrote full test report to:
/private/tmp/opendj-885-ddl/opendj-config/target/surefire-reports/results.txt
Test classes run interleaved: 0
Final amount of memory in use: 8,3 MB
Final number of threads: 3

[INFO] Tests run: 17, Failures: 0, Errors: 0, Skipped: 0, Time elapsed: 0.412 s -- in org.forgerock.opendj.config.ClassPropertyDefinitionTest
[INFO] Running org.forgerock.opendj.config.ManagedObjectDefinitionI18NResourceTest

Test environment:

  Java version: 26.0.1
  Java vendor:  Homebrew
  JVM name:     OpenJDK 64-Bit Server VM
  JVM version:  26.0.1
  JVM vendor:   Homebrew
  JVM info:     mixed mode, sharing
  Java home:    /usr/local/Cellar/openjdk/26.0.1/libexec/openjdk.jdk/Contents/Home
  OS:           Mac OS X 15.7.2 x86_64
  Processors:   8
  Max memory:   536870912
  Total memory: 31457280

How to read the progressive status info:

  Test duration status: {Total min:sec.  Since last status sec.}
  Test count status:  {# test classes  # test methods  # test method invocations  # test failures}.
  TestClass (the class that just completed)

{ 0:00 (  0s)}  {  0c    0m     0i 0f}  : starting
SLF4J(W): No SLF4J providers were found.
SLF4J(W): Defaulting to no-operation (NOP) logger implementation
SLF4J(W): See https://www.slf4j.org/codes.html#noProviders for further details.
{ 0:00 (  0s)}  {  1c    1m     1i 0f}  : ManagedObjectDefinitionI18NResourceTest 
All of the tests passed.

Wrote full test report to:
/private/tmp/opendj-885-ddl/opendj-config/target/surefire-reports/results.txt
Test classes run interleaved: 0
Final amount of memory in use: 8,2 MB
Final number of threads: 3

[INFO] Tests run: 1, Failures: 0, Errors: 0, Skipped: 0, Time elapsed: 0.431 s -- in org.forgerock.opendj.config.ManagedObjectDefinitionI18NResourceTest
[INFO] Running org.forgerock.opendj.config.TestChildCfg

Test environment:

  Java version: 26.0.1
  Java vendor:  Homebrew
  JVM name:     OpenJDK 64-Bit Server VM
  JVM version:  26.0.1
  JVM vendor:   Homebrew
  JVM info:     mixed mode, sharing
  Java home:    /usr/local/Cellar/openjdk/26.0.1/libexec/openjdk.jdk/Contents/Home
  OS:           Mac OS X 15.7.2 x86_64
  Processors:   8
  Max memory:   536870912
  Total memory: 31457280

How to read the progressive status info:

  Test duration status: {Total min:sec.  Since last status sec.}
  Test count status:  {# test classes  # test methods  # test method invocations  # test failures}.
  TestClass (the class that just completed)

{ 0:00 (  0s)}  {  0c    0m     0i 0f}  : starting
All of the tests passed.

Wrote full test report to:
/private/tmp/opendj-885-ddl/opendj-config/target/surefire-reports/results.txt
Test classes run interleaved: 0
Final amount of memory in use: 7,7 MB
Final number of threads: 3

[INFO] Tests run: 0, Failures: 0, Errors: 0, Skipped: 0, Time elapsed: 0.222 s -- in org.forgerock.opendj.config.TestChildCfg
[INFO] Running org.forgerock.opendj.config.AbstractManagedObjectDefinitionTest
SLF4J(W): No SLF4J providers were found.
SLF4J(W): Defaulting to no-operation (NOP) logger implementation
SLF4J(W): See https://www.slf4j.org/codes.html#noProviders for further details.

Test environment:

  Java version: 26.0.1
  Java vendor:  Homebrew
  JVM name:     OpenJDK 64-Bit Server VM
  JVM version:  26.0.1
  JVM vendor:   Homebrew
  JVM info:     mixed mode, sharing
  Java home:    /usr/local/Cellar/openjdk/26.0.1/libexec/openjdk.jdk/Contents/Home
  OS:           Mac OS X 15.7.2 x86_64
  Processors:   8
  Max memory:   536870912
  Total memory: 31457280

How to read the progressive status info:

  Test duration status: {Total min:sec.  Since last status sec.}
  Test count status:  {# test classes  # test methods  # test method invocations  # test failures}.
  TestClass (the class that just completed)

{ 0:00 (  0s)}  {  0c    0m     0i 0f}  : starting
{ 0:00 (  0s)}  {  1c   11m    25i 0f}  : AbstractManagedObjectDefinitionTest 
All of the tests passed.

Wrote full test report to:
/private/tmp/opendj-885-ddl/opendj-config/target/surefire-reports/results.txt
Test classes run interleaved: 0
Final amount of memory in use: 8,3 MB
Final number of threads: 3

[INFO] Tests run: 25, Failures: 0, Errors: 0, Skipped: 0, Time elapsed: 0.441 s -- in org.forgerock.opendj.config.AbstractManagedObjectDefinitionTest
[INFO] Running org.forgerock.opendj.config.EnumPropertyDefinitionTest
SLF4J(W): No SLF4J providers were found.
SLF4J(W): Defaulting to no-operation (NOP) logger implementation
SLF4J(W): See https://www.slf4j.org/codes.html#noProviders for further details.

Test environment:

  Java version: 26.0.1
  Java vendor:  Homebrew
  JVM name:     OpenJDK 64-Bit Server VM
  JVM version:  26.0.1
  JVM vendor:   Homebrew
  JVM info:     mixed mode, sharing
  Java home:    /usr/local/Cellar/openjdk/26.0.1/libexec/openjdk.jdk/Contents/Home
  OS:           Mac OS X 15.7.2 x86_64
  Processors:   8
  Max memory:   536870912
  Total memory: 31457280

How to read the progressive status info:

  Test duration status: {Total min:sec.  Since last status sec.}
  Test count status:  {# test classes  # test methods  # test method invocations  # test failures}.
  TestClass (the class that just completed)

{ 0:00 (  0s)}  {  0c    0m     0i 0f}  : starting
{ 0:00 (  0s)}  {  1c    7m     8i 0f}  : EnumPropertyDefinitionTest 
All of the tests passed.

Wrote full test report to:
/private/tmp/opendj-885-ddl/opendj-config/target/surefire-reports/results.txt
Test classes run interleaved: 0
Final amount of memory in use: 8,3 MB
Final number of threads: 3

[INFO] Tests run: 8, Failures: 0, Errors: 0, Skipped: 0, Time elapsed: 0.395 s -- in org.forgerock.opendj.config.EnumPropertyDefinitionTest
[INFO] Running org.forgerock.opendj.config.server.DNBuilderTest
SLF4J(W): No SLF4J providers were found.
SLF4J(W): Defaulting to no-operation (NOP) logger implementation
SLF4J(W): See https://www.slf4j.org/codes.html#noProviders for further details.

Test environment:

  Java version: 26.0.1
  Java vendor:  Homebrew
  JVM name:     OpenJDK 64-Bit Server VM
  JVM version:  26.0.1
  JVM vendor:   Homebrew
  JVM info:     mixed mode, sharing
  Java home:    /usr/local/Cellar/openjdk/26.0.1/libexec/openjdk.jdk/Contents/Home
  OS:           Mac OS X 15.7.2 x86_64
  Processors:   8
  Max memory:   536870912
  Total memory: 94371840

How to read the progressive status info:

  Test duration status: {Total min:sec.  Since last status sec.}
  Test count status:  {# test classes  # test methods  # test method invocations  # test failures}.
  TestClass (the class that just completed)

{ 0:00 (  1s)}  {  0c    0m     0i 0f}  : starting
{ 0:00 (  0s)}  {  1c    3m     3i 0f}  : DNBuilderTest 
All of the tests passed.

Wrote full test report to:
/private/tmp/opendj-885-ddl/opendj-config/target/surefire-reports/results.txt
Test classes run interleaved: 0
Final amount of memory in use: 17,4 MB
Final number of threads: 3

[INFO] Tests run: 3, Failures: 0, Errors: 0, Skipped: 0, Time elapsed: 1.156 s -- in org.forgerock.opendj.config.server.DNBuilderTest
[INFO] Running org.forgerock.opendj.config.server.ConstraintTest
SLF4J(W): No SLF4J providers were found.
SLF4J(W): Defaulting to no-operation (NOP) logger implementation
SLF4J(W): See https://www.slf4j.org/codes.html#noProviders for further details.

Test environment:

  Java version: 26.0.1
  Java vendor:  Homebrew
  JVM name:     OpenJDK 64-Bit Server VM
  JVM version:  26.0.1
  JVM vendor:   Homebrew
  JVM info:     mixed mode, sharing
  Java home:    /usr/local/Cellar/openjdk/26.0.1/libexec/openjdk.jdk/Contents/Home
  OS:           Mac OS X 15.7.2 x86_64
  Processors:   8
  Max memory:   536870912
  Total memory: 94371840

How to read the progressive status info:

  Test duration status: {Total min:sec.  Since last status sec.}
  Test count status:  {# test classes  # test methods  # test method invocations  # test failures}.
  TestClass (the class that just completed)

{ 0:01 (  1s)}  {  0c    0m     0i 0f}  : starting
{ 0:01 (  0s)}  {  1c    5m     8i 0f}  : ConstraintTest 
All of the tests passed.

Wrote full test report to:
/private/tmp/opendj-885-ddl/opendj-config/target/surefire-reports/results.txt
Test classes run interleaved: 0
Final amount of memory in use: 17,9 MB
Final number of threads: 3

[INFO] Tests run: 8, Failures: 0, Errors: 0, Skipped: 0, Time elapsed: 1.506 s -- in org.forgerock.opendj.config.server.ConstraintTest
[INFO] Running org.forgerock.opendj.config.server.ListenerTest
SLF4J(W): No SLF4J providers were found.
SLF4J(W): Defaulting to no-operation (NOP) logger implementation
SLF4J(W): See https://www.slf4j.org/codes.html#noProviders for further details.

Test environment:

  Java version: 26.0.1
  Java vendor:  Homebrew
  JVM name:     OpenJDK 64-Bit Server VM
  JVM version:  26.0.1
  JVM vendor:   Homebrew
  JVM info:     mixed mode, sharing
  Java home:    /usr/local/Cellar/openjdk/26.0.1/libexec/openjdk.jdk/Contents/Home
  OS:           Mac OS X 15.7.2 x86_64
  Processors:   8
  Max memory:   536870912
  Total memory: 94371840

How to read the progressive status info:

  Test duration status: {Total min:sec.  Since last status sec.}
  Test count status:  {# test classes  # test methods  # test method invocations  # test failures}.
  TestClass (the class that just completed)

{ 0:00 (  1s)}  {  0c    0m     0i 0f}  : starting
{ 0:01 (  0s)}  {  1c   10m    10i 0f}  : ListenerTest 
All of the tests passed.

Wrote full test report to:
/private/tmp/opendj-885-ddl/opendj-config/target/surefire-reports/results.txt
Test classes run interleaved: 0
Final amount of memory in use: 17,9 MB
Final number of threads: 3

[INFO] Tests run: 10, Failures: 0, Errors: 0, Skipped: 0, Time elapsed: 1.334 s -- in org.forgerock.opendj.config.server.ListenerTest
[INFO] Running org.forgerock.opendj.config.server.AggregationServerTest
SLF4J(W): No SLF4J providers were found.
SLF4J(W): Defaulting to no-operation (NOP) logger implementation
SLF4J(W): See https://www.slf4j.org/codes.html#noProviders for further details.

Test environment:

  Java version: 26.0.1
  Java vendor:  Homebrew
  JVM name:     OpenJDK 64-Bit Server VM
  JVM version:  26.0.1
  JVM vendor:   Homebrew
  JVM info:     mixed mode, sharing
  Java home:    /usr/local/Cellar/openjdk/26.0.1/libexec/openjdk.jdk/Contents/Home
  OS:           Mac OS X 15.7.2 x86_64
  Processors:   8
  Max memory:   536870912
  Total memory: 94371840

How to read the progressive status info:

  Test duration status: {Total min:sec.  Since last status sec.}
  Test count status:  {# test classes  # test methods  # test method invocations  # test failures}.
  TestClass (the class that just completed)

{ 0:00 (  1s)}  {  0c    0m     0i 0f}  : starting
{ 0:01 (  0s)}  {  1c   11m    11i 0f}  : AggregationServerTest 
All of the tests passed.

Wrote full test report to:
/private/tmp/opendj-885-ddl/opendj-config/target/surefire-reports/results.txt
Test classes run interleaved: 0
Final amount of memory in use: 17,9 MB
Final number of threads: 3

[INFO] Tests run: 11, Failures: 0, Errors: 0, Skipped: 0, Time elapsed: 1.508 s -- in org.forgerock.opendj.config.server.AggregationServerTest
[INFO] Running org.forgerock.opendj.config.server.DefaultBehaviorTest
SLF4J(W): No SLF4J providers were found.
SLF4J(W): Defaulting to no-operation (NOP) logger implementation
SLF4J(W): See https://www.slf4j.org/codes.html#noProviders for further details.

Test environment:

  Java version: 26.0.1
  Java vendor:  Homebrew
  JVM name:     OpenJDK 64-Bit Server VM
  JVM version:  26.0.1
  JVM vendor:   Homebrew
  JVM info:     mixed mode, sharing
  Java home:    /usr/local/Cellar/openjdk/26.0.1/libexec/openjdk.jdk/Contents/Home
  OS:           Mac OS X 15.7.2 x86_64
  Processors:   8
  Max memory:   536870912
  Total memory: 94371840

How to read the progressive status info:

  Test duration status: {Total min:sec.  Since last status sec.}
  Test count status:  {# test classes  # test methods  # test method invocations  # test failures}.
  TestClass (the class that just completed)

{ 0:00 (  1s)}  {  0c    0m     0i 0f}  : starting
{ 0:01 (  0s)}  {  1c    4m    14i 0f}  : DefaultBehaviorTest 
All of the tests passed.

Wrote full test report to:
/private/tmp/opendj-885-ddl/opendj-config/target/surefire-reports/results.txt
Test classes run interleaved: 0
Final amount of memory in use: 17,9 MB
Final number of threads: 3

[INFO] Tests run: 14, Failures: 0, Errors: 0, Skipped: 0, Time elapsed: 1.417 s -- in org.forgerock.opendj.config.server.DefaultBehaviorTest
[INFO] Running org.forgerock.opendj.config.TestChildCfgDefn

Test environment:

  Java version: 26.0.1
  Java vendor:  Homebrew
  JVM name:     OpenJDK 64-Bit Server VM
  JVM version:  26.0.1
  JVM vendor:   Homebrew
  JVM info:     mixed mode, sharing
  Java home:    /usr/local/Cellar/openjdk/26.0.1/libexec/openjdk.jdk/Contents/Home
  OS:           Mac OS X 15.7.2 x86_64
  Processors:   8
  Max memory:   536870912
  Total memory: 31457280

How to read the progressive status info:

  Test duration status: {Total min:sec.  Since last status sec.}
  Test count status:  {# test classes  # test methods  # test method invocations  # test failures}.
  TestClass (the class that just completed)

{ 0:00 (  0s)}  {  0c    0m     0i 0f}  : starting
All of the tests passed.

Wrote full test report to:
/private/tmp/opendj-885-ddl/opendj-config/target/surefire-reports/results.txt
Test classes run interleaved: 0
Final amount of memory in use: 7,8 MB
Final number of threads: 3

[INFO] Tests run: 0, Failures: 0, Errors: 0, Skipped: 0, Time elapsed: 0.234 s -- in org.forgerock.opendj.config.TestChildCfgDefn
[INFO] Running org.forgerock.opendj.config.StringPropertyDefinitionTest

Test environment:

  Java version: 26.0.1
  Java vendor:  Homebrew
  JVM name:     OpenJDK 64-Bit Server VM
  JVM version:  26.0.1
  JVM vendor:   Homebrew
  JVM info:     mixed mode, sharing
  Java home:    /usr/local/Cellar/openjdk/26.0.1/libexec/openjdk.jdk/Contents/Home
  OS:           Mac OS X 15.7.2 x86_64
  Processors:   8
  Max memory:   536870912
  Total memory: 31457280

How to read the progressive status info:

  Test duration status: {Total min:sec.  Since last status sec.}
  Test count status:  {# test classes  # test methods  # test method invocations  # test failures}.
  TestClass (the class that just completed)

{ 0:00 (  0s)}  {  0c    0m     0i 0f}  : starting
SLF4J(W): No SLF4J providers were found.
SLF4J(W): Defaulting to no-operation (NOP) logger implementation
SLF4J(W): See https://www.slf4j.org/codes.html#noProviders for further details.
{ 0:00 (  0s)}  {  1c    5m     5i 0f}  : StringPropertyDefinitionTest 
All of the tests passed.

Wrote full test report to:
/private/tmp/opendj-885-ddl/opendj-config/target/surefire-reports/results.txt
Test classes run interleaved: 0
Final amount of memory in use: 8,3 MB
Final number of threads: 3

[INFO] Tests run: 5, Failures: 0, Errors: 0, Skipped: 0, Time elapsed: 0.376 s -- in org.forgerock.opendj.config.StringPropertyDefinitionTest
[INFO] Running org.forgerock.opendj.config.TestCfg

Test environment:

  Java version: 26.0.1
  Java vendor:  Homebrew
  JVM name:     OpenJDK 64-Bit Server VM
  JVM version:  26.0.1
  JVM vendor:   Homebrew
  JVM info:     mixed mode, sharing
  Java home:    /usr/local/Cellar/openjdk/26.0.1/libexec/openjdk.jdk/Contents/Home
  OS:           Mac OS X 15.7.2 x86_64
  Processors:   8
  Max memory:   536870912
  Total memory: 31457280

How to read the progressive status info:

  Test duration status: {Total min:sec.  Since last status sec.}
  Test count status:  {# test classes  # test methods  # test method invocations  # test failures}.
  TestClass (the class that just completed)

{ 0:00 (  0s)}  {  0c    0m     0i 0f}  : starting
All of the tests passed.

Wrote full test report to:
/private/tmp/opendj-885-ddl/opendj-config/target/surefire-reports/results.txt
Test classes run interleaved: 0
Final amount of memory in use: 7,8 MB
Final number of threads: 3

[INFO] Tests run: 0, Failures: 0, Errors: 0, Skipped: 0, Time elapsed: 0.220 s -- in org.forgerock.opendj.config.TestCfg
[INFO] Running org.forgerock.opendj.config.RelativeInheritedDefaultBehaviorProviderTest
SLF4J(W): No SLF4J providers were found.
SLF4J(W): Defaulting to no-operation (NOP) logger implementation
SLF4J(W): See https://www.slf4j.org/codes.html#noProviders for further details.

Test environment:

  Java version: 26.0.1
  Java vendor:  Homebrew
  JVM name:     OpenJDK 64-Bit Server VM
  JVM version:  26.0.1
  JVM vendor:   Homebrew
  JVM info:     mixed mode, sharing
  Java home:    /usr/local/Cellar/openjdk/26.0.1/libexec/openjdk.jdk/Contents/Home
  OS:           Mac OS X 15.7.2 x86_64
  Processors:   8
  Max memory:   536870912
  Total memory: 31457280

How to read the progressive status info:

  Test duration status: {Total min:sec.  Since last status sec.}
  Test count status:  {# test classes  # test methods  # test method invocations  # test failures}.
  TestClass (the class that just completed)

{ 0:00 (  0s)}  {  0c    0m     0i 0f}  : starting
{ 0:00 (  0s)}  {  1c    4m     4i 0f}  : RelativeInheritedDefaultBehaviorProviderTest 
All of the tests passed.

Wrote full test report to:
/private/tmp/opendj-885-ddl/opendj-config/target/surefire-reports/results.txt
Test classes run interleaved: 0
Final amount of memory in use: 8,2 MB
Final number of threads: 3

[INFO] Tests run: 4, Failures: 0, Errors: 0, Skipped: 0, Time elapsed: 0.352 s -- in org.forgerock.opendj.config.RelativeInheritedDefaultBehaviorProviderTest
[INFO] Running org.forgerock.opendj.config.DurationUnitTest

Test environment:

  Java version: 26.0.1
  Java vendor:  Homebrew
  JVM name:     OpenJDK 64-Bit Server VM
  JVM version:  26.0.1
  JVM vendor:   Homebrew
  JVM info:     mixed mode, sharing
  Java home:    /usr/local/Cellar/openjdk/26.0.1/libexec/openjdk.jdk/Contents/Home
  OS:           Mac OS X 15.7.2 x86_64
  Processors:   8
  Max memory:   536870912
  Total memory: 31457280

How to read the progressive status info:

  Test duration status: {Total min:sec.  Since last status sec.}
  Test count status:  {# test classes  # test methods  # test method invocations  # test failures}.
  TestClass (the class that just completed)

{ 0:00 (  0s)}  {  0c    0m     0i 0f}  : starting
{ 0:00 (  0s)}  {  1c    4m    31i 0f}  : DurationUnitTest 
All of the tests passed.

Wrote full test report to:
/private/tmp/opendj-885-ddl/opendj-config/target/surefire-reports/results.txt
Test classes run interleaved: 0
Final amount of memory in use: 7,9 MB
Final number of threads: 3

[INFO] Tests run: 31, Failures: 0, Errors: 0, Skipped: 0, Time elapsed: 0.329 s -- in org.forgerock.opendj.config.DurationUnitTest
[INFO] Running org.forgerock.opendj.config.LDAPProfileTest

Test environment:

  Java version: 26.0.1
  Java vendor:  Homebrew
  JVM name:     OpenJDK 64-Bit Server VM
  JVM version:  26.0.1
  JVM vendor:   Homebrew
  JVM info:     mixed mode, sharing
  Java home:    /usr/local/Cellar/openjdk/26.0.1/libexec/openjdk.jdk/Contents/Home
  OS:           Mac OS X 15.7.2 x86_64
  Processors:   8
  Max memory:   536870912
  Total memory: 31457280

How to read the progressive status info:

  Test duration status: {Total min:sec.  Since last status sec.}
  Test count status:  {# test classes  # test methods  # test method invocations  # test failures}.
  TestClass (the class that just completed)

{ 0:00 (  0s)}  {  0c    0m     0i 0f}  : starting
SLF4J(W): No SLF4J providers were found.
SLF4J(W): Defaulting to no-operation (NOP) logger implementation
SLF4J(W): See https://www.slf4j.org/codes.html#noProviders for further details.
{ 0:00 (  0s)}  {  1c    1m     1i 0f}  : LDAPProfileTest 
All of the tests passed.

Wrote full test report to:
/private/tmp/opendj-885-ddl/opendj-config/target/surefire-reports/results.txt
Test classes run interleaved: 0
Final amount of memory in use: 8,1 MB
Final number of threads: 3

[INFO] Tests run: 1, Failures: 0, Errors: 0, Skipped: 0, Time elapsed: 0.364 s -- in org.forgerock.opendj.config.LDAPProfileTest
[INFO] Running org.forgerock.opendj.config.DurationPropertyDefinitionTest

Test environment:

  Java version: 26.0.1
  Java vendor:  Homebrew
  JVM name:     OpenJDK 64-Bit Server VM
  JVM version:  26.0.1
  JVM vendor:   Homebrew
  JVM info:     mixed mode, sharing
  Java home:    /usr/local/Cellar/openjdk/26.0.1/libexec/openjdk.jdk/Contents/Home
  OS:           Mac OS X 15.7.2 x86_64
  Processors:   8
  Max memory:   536870912
  Total memory: 31457280

How to read the progressive status info:

  Test duration status: {Total min:sec.  Since last status sec.}
  Test count status:  {# test classes  # test methods  # test method invocations  # test failures}.
  TestClass (the class that just completed)

{ 0:00 (  0s)}  {  0c    0m     0i 0f}  : starting
SLF4J(W): No SLF4J providers were found.
SLF4J(W): Defaulting to no-operation (NOP) logger implementation
SLF4J(W): See https://www.slf4j.org/codes.html#noProviders for further details.
{ 0:00 (  0s)}  {  1c   19m    75i 0f}  : DurationPropertyDefinitionTest 
All of the tests passed.

Wrote full test report to:
/private/tmp/opendj-885-ddl/opendj-config/target/surefire-reports/results.txt
Test classes run interleaved: 0
Final amount of memory in use: 8,4 MB
Final number of threads: 3

[INFO] Tests run: 75, Failures: 0, Errors: 0, Skipped: 0, Time elapsed: 0.590 s -- in org.forgerock.opendj.config.DurationPropertyDefinitionTest
[INFO] Running org.forgerock.opendj.config.ConfigurationMockTest

Test environment:

  Java version: 26.0.1
  Java vendor:  Homebrew
  JVM name:     OpenJDK 64-Bit Server VM
  JVM version:  26.0.1
  JVM vendor:   Homebrew
  JVM info:     mixed mode, sharing
  Java home:    /usr/local/Cellar/openjdk/26.0.1/libexec/openjdk.jdk/Contents/Home
  OS:           Mac OS X 15.7.2 x86_64
  Processors:   8
  Max memory:   536870912
  Total memory: 31457280

How to read the progressive status info:

  Test duration status: {Total min:sec.  Since last status sec.}
  Test count status:  {# test classes  # test methods  # test method invocations  # test failures}.
  TestClass (the class that just completed)

{ 0:00 (  0s)}  {  0c    0m     0i 0f}  : starting
SLF4J(W): No SLF4J providers were found.
SLF4J(W): Defaulting to no-operation (NOP) logger implementation
SLF4J(W): See https://www.slf4j.org/codes.html#noProviders for further details.
{ 0:00 (  1s)}  {  1c    7m     7i 0f}  : ConfigurationMockTest 
All of the tests passed.

Wrote full test report to:
/private/tmp/opendj-885-ddl/opendj-config/target/surefire-reports/results.txt
Test classes run interleaved: 0
Final amount of memory in use: 17,6 MB
Final number of threads: 3

[INFO] Tests run: 7, Failures: 0, Errors: 0, Skipped: 0, Time elapsed: 1.219 s -- in org.forgerock.opendj.config.ConfigurationMockTest
[INFO] Running org.forgerock.opendj.config.AggregationPropertyDefinitionTest
SLF4J(W): No SLF4J providers were found.
SLF4J(W): Defaulting to no-operation (NOP) logger implementation
SLF4J(W): See https://www.slf4j.org/codes.html#noProviders for further details.

Test environment:

  Java version: 26.0.1
  Java vendor:  Homebrew
  JVM name:     OpenJDK 64-Bit Server VM
  JVM version:  26.0.1
  JVM vendor:   Homebrew
  JVM info:     mixed mode, sharing
  Java home:    /usr/local/Cellar/openjdk/26.0.1/libexec/openjdk.jdk/Contents/Home
  OS:           Mac OS X 15.7.2 x86_64
  Processors:   8
  Max memory:   536870912
  Total memory: 31457280

How to read the progressive status info:

  Test duration status: {Total min:sec.  Since last status sec.}
  Test count status:  {# test classes  # test methods  # test method invocations  # test failures}.
  TestClass (the class that just completed)

{ 0:00 (  0s)}  {  0c    0m     0i 0f}  : starting
{ 0:01 (  1s)}  {  1c    3m     3i 0f}  : AggregationPropertyDefinitionTest 
All of the tests passed.

Wrote full test report to:
/private/tmp/opendj-885-ddl/opendj-config/target/surefire-reports/results.txt
Test classes run interleaved: 0
Final amount of memory in use: 17,1 MB
Final number of threads: 3

[INFO] Tests run: 3, Failures: 0, Errors: 0, Skipped: 0, Time elapsed: 1.230 s -- in org.forgerock.opendj.config.AggregationPropertyDefinitionTest
[INFO] Running org.forgerock.opendj.config.BooleanPropertyDefinitionTest
SLF4J(W): No SLF4J providers were found.
SLF4J(W): Defaulting to no-operation (NOP) logger implementation
SLF4J(W): See https://www.slf4j.org/codes.html#noProviders for further details.

Test environment:

  Java version: 26.0.1
  Java vendor:  Homebrew
  JVM name:     OpenJDK 64-Bit Server VM
  JVM version:  26.0.1
  JVM vendor:   Homebrew
  JVM info:     mixed mode, sharing
  Java home:    /usr/local/Cellar/openjdk/26.0.1/libexec/openjdk.jdk/Contents/Home
  OS:           Mac OS X 15.7.2 x86_64
  Processors:   8
  Max memory:   536870912
  Total memory: 31457280

How to read the progressive status info:

  Test duration status: {Total min:sec.  Since last status sec.}
  Test count status:  {# test classes  # test methods  # test method invocations  # test failures}.
  TestClass (the class that just completed)

{ 0:00 (  0s)}  {  0c    0m     0i 0f}  : starting
{ 0:00 (  0s)}  {  1c    4m     6i 0f}  : BooleanPropertyDefinitionTest 
All of the tests passed.

Wrote full test report to:
/private/tmp/opendj-885-ddl/opendj-config/target/surefire-reports/results.txt
Test classes run interleaved: 0
Final amount of memory in use: 8,2 MB
Final number of threads: 3

[INFO] Tests run: 6, Failures: 0, Errors: 0, Skipped: 0, Time elapsed: 0.403 s -- in org.forgerock.opendj.config.BooleanPropertyDefinitionTest
[INFO] Running org.forgerock.opendj.config.AdminTestCase

Test environment:

  Java version: 26.0.1
  Java vendor:  Homebrew
  JVM name:     OpenJDK 64-Bit Server VM
  JVM version:  26.0.1
  JVM vendor:   Homebrew
  JVM info:     mixed mode, sharing
  Java home:    /usr/local/Cellar/openjdk/26.0.1/libexec/openjdk.jdk/Contents/Home
  OS:           Mac OS X 15.7.2 x86_64
  Processors:   8
  Max memory:   536870912
  Total memory: 31457280

How to read the progressive status info:

  Test duration status: {Total min:sec.  Since last status sec.}
  Test count status:  {# test classes  # test methods  # test method invocations  # test failures}.
  TestClass (the class that just completed)

{ 0:00 (  0s)}  {  0c    0m     0i 0f}  : starting
All of the tests passed.

Wrote full test report to:
/private/tmp/opendj-885-ddl/opendj-config/target/surefire-reports/results.txt
Test classes run interleaved: 0
Final amount of memory in use: 7,8 MB
Final number of threads: 3

[INFO] Tests run: 0, Failures: 0, Errors: 0, Skipped: 0, Time elapsed: 0.214 s -- in org.forgerock.opendj.config.AdminTestCase
[INFO] Running org.forgerock.opendj.config.TestParentCfg

Test environment:

  Java version: 26.0.1
  Java vendor:  Homebrew
  JVM name:     OpenJDK 64-Bit Server VM
  JVM version:  26.0.1
  JVM vendor:   Homebrew
  JVM info:     mixed mode, sharing
  Java home:    /usr/local/Cellar/openjdk/26.0.1/libexec/openjdk.jdk/Contents/Home
  OS:           Mac OS X 15.7.2 x86_64
  Processors:   8
  Max memory:   536870912
  Total memory: 31457280

How to read the progressive status info:

  Test duration status: {Total min:sec.  Since last status sec.}
  Test count status:  {# test classes  # test methods  # test method invocations  # test failures}.
  TestClass (the class that just completed)

{ 0:00 (  0s)}  {  0c    0m     0i 0f}  : starting
All of the tests passed.

Wrote full test report to:
/private/tmp/opendj-885-ddl/opendj-config/target/surefire-reports/results.txt
Test classes run interleaved: 0
Final amount of memory in use: 7,7 MB
Final number of threads: 3

[INFO] Tests run: 0, Failures: 0, Errors: 0, Skipped: 0, Time elapsed: 0.195 s -- in org.forgerock.opendj.config.TestParentCfg
[INFO] Running org.forgerock.opendj.config.client.ldap.AggregationClientTest
SLF4J(W): No SLF4J providers were found.
SLF4J(W): Defaulting to no-operation (NOP) logger implementation
SLF4J(W): See https://www.slf4j.org/codes.html#noProviders for further details.

Test environment:

  Java version: 26.0.1
  Java vendor:  Homebrew
  JVM name:     OpenJDK 64-Bit Server VM
  JVM version:  26.0.1
  JVM vendor:   Homebrew
  JVM info:     mixed mode, sharing
  Java home:    /usr/local/Cellar/openjdk/26.0.1/libexec/openjdk.jdk/Contents/Home
  OS:           Mac OS X 15.7.2 x86_64
  Processors:   8
  Max memory:   536870912
  Total memory: 94371840

How to read the progressive status info:

  Test duration status: {Total min:sec.  Since last status sec.}
  Test count status:  {# test classes  # test methods  # test method invocations  # test failures}.
  TestClass (the class that just completed)

{ 0:00 (  1s)}  {  0c    0m     0i 0f}  : starting
{ 0:01 (  0s)}  {  1c    6m     6i 0f}  : AggregationClientTest 
All of the tests passed.

Wrote full test report to:
/private/tmp/opendj-885-ddl/opendj-config/target/surefire-reports/results.txt
Test classes run interleaved: 0
Final amount of memory in use: 17,7 MB
Final number of threads: 3

[INFO] Tests run: 6, Failures: 0, Errors: 0, Skipped: 0, Time elapsed: 1.195 s -- in org.forgerock.opendj.config.client.ldap.AggregationClientTest
[INFO] Running org.forgerock.opendj.config.client.ldap.LDAPClientTest
SLF4J(W): No SLF4J providers were found.
SLF4J(W): Defaulting to no-operation (NOP) logger implementation
SLF4J(W): See https://www.slf4j.org/codes.html#noProviders for further details.

Test environment:

  Java version: 26.0.1
  Java vendor:  Homebrew
  JVM name:     OpenJDK 64-Bit Server VM
  JVM version:  26.0.1
  JVM vendor:   Homebrew
  JVM info:     mixed mode, sharing
  Java home:    /usr/local/Cellar/openjdk/26.0.1/libexec/openjdk.jdk/Contents/Home
  OS:           Mac OS X 15.7.2 x86_64
  Processors:   8
  Max memory:   536870912
  Total memory: 94371840

How to read the progressive status info:

  Test duration status: {Total min:sec.  Since last status sec.}
  Test count status:  {# test classes  # test methods  # test method invocations  # test failures}.
  TestClass (the class that just completed)

{ 0:00 (  1s)}  {  0c    0m     0i 0f}  : starting
{ 0:01 (  0s)}  {  1c   25m    33i 0f}  : LDAPClientTest 
All of the tests passed.

Wrote full test report to:
/private/tmp/opendj-885-ddl/opendj-config/target/surefire-reports/results.txt
Test classes run interleaved: 0
Final amount of memory in use: 17,9 MB
Final number of threads: 3

[INFO] Tests run: 33, Failures: 0, Errors: 0, Skipped: 0, Time elapsed: 1.309 s -- in org.forgerock.opendj.config.client.ldap.LDAPClientTest
[INFO] Running org.forgerock.opendj.config.SizeUnitTest

Test environment:

  Java version: 26.0.1
  Java vendor:  Homebrew
  JVM name:     OpenJDK 64-Bit Server VM
  JVM version:  26.0.1
  JVM vendor:   Homebrew
  JVM info:     mixed mode, sharing
  Java home:    /usr/local/Cellar/openjdk/26.0.1/libexec/openjdk.jdk/Contents/Home
  OS:           Mac OS X 15.7.2 x86_64
  Processors:   8
  Max memory:   536870912
  Total memory: 31457280

How to read the progressive status info:

  Test duration status: {Total min:sec.  Since last status sec.}
  Test count status:  {# test classes  # test methods  # test method invocations  # test failures}.
  TestClass (the class that just completed)

{ 0:00 (  0s)}  {  0c    0m     0i 0f}  : starting
{ 0:00 (  0s)}  {  1c   13m   112i 0f}  : SizeUnitTest 
All of the tests passed.

Wrote full test report to:
/private/tmp/opendj-885-ddl/opendj-config/target/surefire-reports/results.txt
Test classes run interleaved: 0
Final amount of memory in use: 8,1 MB
Final number of threads: 3

[INFO] Tests run: 112, Failures: 0, Errors: 0, Skipped: 0, Time elapsed: 0.430 s -- in org.forgerock.opendj.config.SizeUnitTest
[INFO] Running org.forgerock.opendj.config.TestParentCfgClient

Test environment:

  Java version: 26.0.1
  Java vendor:  Homebrew
  JVM name:     OpenJDK 64-Bit Server VM
  JVM version:  26.0.1
  JVM vendor:   Homebrew
  JVM info:     mixed mode, sharing
  Java home:    /usr/local/Cellar/openjdk/26.0.1/libexec/openjdk.jdk/Contents/Home
  OS:           Mac OS X 15.7.2 x86_64
  Processors:   8
  Max memory:   536870912
  Total memory: 31457280

How to read the progressive status info:

  Test duration status: {Total min:sec.  Since last status sec.}
  Test count status:  {# test classes  # test methods  # test method invocations  # test failures}.
  TestClass (the class that just completed)

{ 0:00 (  0s)}  {  0c    0m     0i 0f}  : starting
All of the tests passed.

Wrote full test report to:
/private/tmp/opendj-885-ddl/opendj-config/target/surefire-reports/results.txt
Test classes run interleaved: 0
Final amount of memory in use: 7,7 MB
Final number of threads: 3

[INFO] Tests run: 0, Failures: 0, Errors: 0, Skipped: 0, Time elapsed: 0.196 s -- in org.forgerock.opendj.config.TestParentCfgClient
[INFO] Running org.forgerock.opendj.config.ManagedObjectPathTest

Test environment:

  Java version: 26.0.1
  Java vendor:  Homebrew
  JVM name:     OpenJDK 64-Bit Server VM
  JVM version:  26.0.1
  JVM vendor:   Homebrew
  JVM info:     mixed mode, sharing
  Java home:    /usr/local/Cellar/openjdk/26.0.1/libexec/openjdk.jdk/Contents/Home
  OS:           Mac OS X 15.7.2 x86_64
  Processors:   8
  Max memory:   536870912
  Total memory: 31457280

How to read the progressive status info:

  Test duration status: {Total min:sec.  Since last status sec.}
  Test count status:  {# test classes  # test methods  # test method invocations  # test failures}.
  TestClass (the class that just completed)

{ 0:00 (  0s)}  {  0c    0m     0i 0f}  : starting
SLF4J(W): No SLF4J providers were found.
SLF4J(W): Defaulting to no-operation (NOP) logger implementation
SLF4J(W): See https://www.slf4j.org/codes.html#noProviders for further details.
{ 0:01 (  1s)}  {  1c   14m    14i 0f}  : ManagedObjectPathTest 
All of the tests passed.

Wrote full test report to:
/private/tmp/opendj-885-ddl/opendj-config/target/surefire-reports/results.txt
Test classes run interleaved: 0
Final amount of memory in use: 17,2 MB
Final number of threads: 3

[INFO] Tests run: 14, Failures: 0, Errors: 0, Skipped: 0, Time elapsed: 1.210 s -- in org.forgerock.opendj.config.ManagedObjectPathTest
[INFO] 
[INFO] Results:
[INFO] 
[INFO] Tests run: 547, Failures: 0, Errors: 0, Skipped: 0
[INFO] 
[INFO] 
[INFO] --- bundle:5.1.9:bundle (default-bundle) @ opendj-config ---
[INFO] Building bundle: /private/tmp/opendj-885-ddl/opendj-config/target/org.openidentityplatform.opendj.opendj-config.jar
[INFO] Writing manifest: /private/tmp/opendj-885-ddl/opendj-config/target/classes/META-INF/MANIFEST.MF
[INFO] 
[INFO] --- javadoc:3.12.0:jar (attach-javadocs) @ opendj-config ---
[INFO] Skipping javadoc generation
[INFO] 
[INFO] --- jar:3.4.2:test-jar (generate-test-jar) @ opendj-config ---
[INFO] Building jar: /private/tmp/opendj-885-ddl/opendj-config/target/org.openidentityplatform.opendj.opendj-config-tests.jar
[INFO] 
[INFO] --- source:3.4.0:jar-no-fork (attach-sources) @ opendj-config ---
[INFO] Building jar: /private/tmp/opendj-885-ddl/opendj-config/target/org.openidentityplatform.opendj.opendj-config-sources.jar
[INFO] 
[INFO] -----------< org.openidentityplatform.opendj:opendj-server >------------
[INFO] Building OpenDJ Server NG 5.2.0-SNAPSHOT                          [9/11]
[INFO]   from opendj-server/pom.xml
[INFO] -------------------------------[ bundle ]-------------------------------
[INFO] 
[INFO] --- build-helper:3.6.0:parse-version (parse-version) @ opendj-server ---
[INFO] 
[INFO] --- buildnumber:3.2.1:create (generate-buildnumber) @ opendj-server ---
[INFO] maven is executed in offline mode, Updating project files from SCM: skipped.
[INFO] Executing: /bin/sh -c cd '/private/tmp/opendj-885-ddl/opendj-server' && 'git' 'log' '-1' '--no-merges' '--format=format:%H %aI %aE %aN'
[INFO] Working directory: /private/tmp/opendj-885-ddl/opendj-server
[INFO] Storing buildNumber: 11491f14d7cf54bf3025b98d250440dd9b21a238 at timestamp: 1788778098151
[INFO] Executing: /bin/sh -c cd '/private/tmp/opendj-885-ddl/opendj-server' && 'git' 'symbolic-ref' 'HEAD'
[INFO] Working directory: /private/tmp/opendj-885-ddl/opendj-server
[INFO] Storing scmBranch: issues/885-jdbc-ddl-lock-bound
[INFO] 
[INFO] --- buildnumber:3.2.1:create (generate-timestamp) @ opendj-server ---
[INFO] Storing buildNumber: 20260907134818 at timestamp: 1788778098852
[INFO] Executing: /bin/sh -c cd '/private/tmp/opendj-885-ddl/opendj-server' && 'git' 'symbolic-ref' 'HEAD'
[INFO] Working directory: /private/tmp/opendj-885-ddl/opendj-server
[INFO] Storing scmBranch: issues/885-jdbc-ddl-lock-bound
[INFO] 
[INFO] --- org.openidentityplatform.commons.i18n-framework:maven-plugin:3.1.2:generate-messages (default) @ opendj-server ---
[INFO] Created message output directory: /private/tmp/opendj-885-ddl/opendj-server/target/generated-sources/messages
[INFO] Adding source directory: /private/tmp/opendj-885-ddl/opendj-server/target/generated-sources/messages
[INFO] 
[INFO] --- resources:3.3.1:resources (default-resources) @ opendj-server ---
[INFO] Copying 1 resource from src/main/resources to target/classes
[INFO] The encoding used to copy filtered properties files have not been set. This means that the same encoding will be used to copy filtered properties files as when copying other filtered resources. This might not be what you want! Run your build with --debug to see which files might be affected. Read more at https://maven.apache.org/plugins/maven-resources-plugin/examples/filtering-properties-files.html
[INFO] 
[INFO] --- compiler:3.14.0:compile (default-compile) @ opendj-server ---
[INFO] Recompiling the module because of changed dependency.
[INFO] Compiling 21 source files with javac [forked debug target 11] to target/classes
[WARNING] [options] location of system modules is not set in conjunction with -source 11
[INFO] 
[INFO] --- resources:3.3.1:testResources (default-testResources) @ opendj-server ---
[INFO] skip non existing resourceDirectory /private/tmp/opendj-885-ddl/opendj-server/src/test/resources
[INFO] 
[INFO] --- compiler:3.14.0:testCompile (default-testCompile) @ opendj-server ---
[INFO] Recompiling the module because of changed dependency.
[INFO] Compiling 1 source file with javac [forked debug target 11] to target/test-classes
[WARNING] [options] location of system modules is not set in conjunction with -source 11
[INFO] 
[INFO] --- surefire:3.5.3:test (default-test) @ opendj-server ---
[INFO] Using auto detected provider org.apache.maven.surefire.testng.TestNGProvider
[INFO] 
[INFO] -------------------------------------------------------
[INFO]  T E S T S
[INFO] -------------------------------------------------------
[INFO] Running org.forgerock.opendj.server.core.ProductInformationTest

Test environment:

  Java version: 26.0.1
  Java vendor:  Homebrew
  JVM name:     OpenJDK 64-Bit Server VM
  JVM version:  26.0.1
  JVM vendor:   Homebrew
  JVM info:     mixed mode, sharing
  Java home:    /usr/local/Cellar/openjdk/26.0.1/libexec/openjdk.jdk/Contents/Home
  OS:           Mac OS X 15.7.2 x86_64
  Processors:   8
  Max memory:   536870912
  Total memory: 31457280

How to read the progressive status info:

  Test duration status: {Total min:sec.  Since last status sec.}
  Test count status:  {# test classes  # test methods  # test method invocations  # test failures}.
  TestClass (the class that just completed)

{ 0:00 (  0s)}  {  0c    0m     0i 0f}  : starting
{ 0:00 (  0s)}  {  1c    3m     3i 0f}  : ProductInformationTest 
All of the tests passed.

Wrote full test report to:
/private/tmp/opendj-885-ddl/opendj-server/target/surefire-reports/results.txt
Test classes run interleaved: 0
Final amount of memory in use: 8,3 MB
Final number of threads: 3

[INFO] Tests run: 3, Failures: 0, Errors: 0, Skipped: 0, Time elapsed: 0.306 s -- in org.forgerock.opendj.server.core.ProductInformationTest
[INFO] 
[INFO] Results:
[INFO] 
[INFO] Tests run: 3, Failures: 0, Errors: 0, Skipped: 0
[INFO] 
[INFO] 
[INFO] --- bundle:5.1.9:bundle (default-bundle) @ opendj-server ---
[INFO] Building bundle: /private/tmp/opendj-885-ddl/opendj-server/target/org.openidentityplatform.opendj.opendj-server.jar
[INFO] Writing manifest: /private/tmp/opendj-885-ddl/opendj-server/target/classes/META-INF/MANIFEST.MF
[INFO] 
[INFO] --- javadoc:3.12.0:jar (attach-javadocs) @ opendj-server ---
[INFO] Skipping javadoc generation
[INFO] 
[INFO] --- source:3.4.0:jar-no-fork (attach-sources) @ opendj-server ---
[INFO] Building jar: /private/tmp/opendj-885-ddl/opendj-server/target/org.openidentityplatform.opendj.opendj-server-sources.jar
[INFO] 
[INFO] -----------< org.openidentityplatform.opendj:opendj-legacy >------------
[INFO] Building OpenDJ Legacy 5.2.0-SNAPSHOT                            [10/11]
[INFO]   from opendj-legacy/pom.xml
[INFO] --------------------------------[ jar ]---------------------------------
[INFO] 
[INFO] --- resources:3.3.1:resources (default-resources) @ opendj-legacy ---
[INFO] skip non existing resourceDirectory /private/tmp/opendj-885-ddl/opendj-legacy/src/main/resources
[INFO] 
[INFO] --- compiler:3.14.0:compile (default-compile) @ opendj-legacy ---
[INFO] Recompiling the module because of changed source code.
[INFO] Compiling 48 source files with javac [forked debug target 11] to target/classes
[WARNING] [options] location of system modules is not set in conjunction with -source 11
[INFO] 
[INFO] --- resources:3.3.1:testResources (default-testResources) @ opendj-legacy ---
[INFO] skip non existing resourceDirectory /private/tmp/opendj-885-ddl/opendj-legacy/src/test/resources
[INFO] 
[INFO] --- compiler:3.14.0:testCompile (default-testCompile) @ opendj-legacy ---
[INFO] No sources to compile
[INFO] 
[INFO] --- surefire:3.5.3:test (default-test) @ opendj-legacy ---
[INFO] No tests to run.
[INFO] 
[INFO] --- jar:3.4.2:jar (default-jar) @ opendj-legacy ---
[INFO] Building jar: /private/tmp/opendj-885-ddl/opendj-legacy/target/org.openidentityplatform.opendj.opendj-legacy.jar
[INFO] 
[INFO] --- javadoc:3.12.0:jar (attach-javadocs) @ opendj-legacy ---
[INFO] Skipping javadoc generation
[INFO] 
[INFO] --- source:3.4.0:jar-no-fork (attach-sources) @ opendj-legacy ---
[INFO] Building jar: /private/tmp/opendj-885-ddl/opendj-legacy/target/org.openidentityplatform.opendj.opendj-legacy-sources.jar
[INFO] 
[INFO] --------< org.openidentityplatform.opendj:opendj-server-legacy >--------
[INFO] Building OpenDJ Server 5.2.0-SNAPSHOT                            [11/11]
[INFO]   from opendj-server-legacy/pom.xml
[INFO] --------------------------------[ jar ]---------------------------------
[WARNING] Parameter 'testSourceDirectory' is unknown for plugin 'maven-compiler-plugin:3.14.0:testCompile (default-testCompile)'
[INFO] 
[INFO] --- resources:3.3.1:copy-resources (copy-l10n-messages) @ opendj-server-legacy ---
[INFO] Copying 170 resources from src/messages/org/opends/messages to target/classes/org/opends/messages
[INFO] 
[INFO] --- resources:3.3.1:copy-resources (copy-guitools-resources) @ opendj-server-legacy ---
[INFO] Copying 309 resources from src/main/java/org/opends/guitools to target/classes/org/opends/guitools
[INFO] 
[INFO] --- resources:3.3.1:copy-resources (copy-quicksetup-resources) @ opendj-server-legacy ---
[INFO] Copying 128 resources from src/main/java/org/opends/quicksetup to target/classes/org/opends/quicksetup
[INFO] 
[INFO] --- opendj:5.2.0-SNAPSHOT:generate-manifest (generate-bootstrap-manifest) @ opendj-server-legacy ---
[INFO] Setting the classpath property: [classpath.bootstrap] (debug to see actual value)
[INFO] 
[INFO] --- opendj:5.2.0-SNAPSHOT:generate-manifest (generate-bootstrap-client-manifest) @ opendj-server-legacy ---
[INFO] Setting the classpath property: [classpath.bootstrap-client] (debug to see actual value)
[INFO] 
[INFO] --- build-helper:3.6.0:parse-version (parse-version) @ opendj-server-legacy ---
[INFO] 
[INFO] --- buildnumber:3.2.1:create (generate-buildnumber) @ opendj-server-legacy ---
[INFO] maven is executed in offline mode, Updating project files from SCM: skipped.
[INFO] Executing: /bin/sh -c cd '/private/tmp/opendj-885-ddl/opendj-server-legacy' && 'git' 'log' '-1' '--no-merges' '--format=format:%H %aI %aE %aN'
[INFO] Working directory: /private/tmp/opendj-885-ddl/opendj-server-legacy
[INFO] Storing buildNumber: 11491f14d7cf54bf3025b98d250440dd9b21a238 at timestamp: 1788778106442
[INFO] Executing: /bin/sh -c cd '/private/tmp/opendj-885-ddl/opendj-server-legacy' && 'git' 'symbolic-ref' 'HEAD'
[INFO] Working directory: /private/tmp/opendj-885-ddl/opendj-server-legacy
[INFO] Storing scmBranch: issues/885-jdbc-ddl-lock-bound
[INFO] 
[INFO] --- buildnumber:3.2.1:create (generate-timestamp) @ opendj-server-legacy ---
[INFO] Storing buildNumber: 20260907134827 at timestamp: 1788778107026
[INFO] Executing: /bin/sh -c cd '/private/tmp/opendj-885-ddl/opendj-server-legacy' && 'git' 'symbolic-ref' 'HEAD'
[INFO] Working directory: /private/tmp/opendj-885-ddl/opendj-server-legacy
[INFO] Storing scmBranch: issues/885-jdbc-ddl-lock-bound
[INFO] 
[INFO] --- antrun:1.8:run (createMibDir) @ opendj-server-legacy ---
[INFO] Executing tasks

main:
    [mkdir] Created dir: /private/tmp/opendj-885-ddl/opendj-server-legacy/src/snmp/generated/org/opends/server/snmp
[INFO] Executed tasks
[INFO] 
[INFO] --- org.openidentityplatform.commons.i18n-framework:maven-plugin:3.1.2:generate-messages (default) @ opendj-server-legacy ---
[INFO] Created message output directory: /private/tmp/opendj-885-ddl/opendj-server-legacy/src/messages/generated
[INFO] Adding source directory: /private/tmp/opendj-885-ddl/opendj-server-legacy/src/messages/generated
[INFO] Generating AccessControlMessages.java from access_control.properties
[INFO] Generating AdminMessages.java from admin.properties
[INFO] Generating AdminToolMessages.java from admin_tool.properties
[INFO] Generating BackendMessages.java from backend.properties
[INFO] Generating ConfigMessages.java from config.properties
[INFO] Generating CoreMessages.java from core.properties
[INFO] Generating ExtensionMessages.java from extension.properties
[INFO] Generating ExternalMessages.java from external.properties
[INFO] Generating LoggerMessages.java from logger.properties
[INFO] Generating PluginMessages.java from plugin.properties
[INFO] Generating ProtocolMessages.java from protocol.properties
[INFO] Generating QuickSetupMessages.java from quickSetup.properties
[INFO] Generating ReplicationMessages.java from replication.properties
[INFO] Generating RuntimeMessages.java from runtime.properties
[INFO] Generating SchemaMessages.java from schema.properties
[INFO] Generating TaskMessages.java from task.properties
[INFO] Generating ToolMessages.java from tool.properties
[INFO] Generating UtilityMessages.java from utility.properties
[INFO] Generating VersionMessages.java from version.properties
[INFO] 
[INFO] --- opendj:5.2.0-SNAPSHOT:concat (creates-base-schema-files) @ opendj-server-legacy ---
[INFO] Concatenating all ldif files from directory: /private/tmp/opendj-885-ddl/opendj-server-legacy/resource/schema
[INFO] Concatenated file: /private/tmp/opendj-885-ddl/opendj-server-legacy/target/upgrade/schema.ldif.11491f14d7cf54bf3025b98d250440dd9b21a238
[INFO] 
[INFO] --- exec:3.6.3:exec (mib-generation) @ opendj-server-legacy ---
Start compiling /private/tmp/opendj-885-ddl/opendj-server-legacy/src/snmp/resource/mib/rfc2788.txt
Has parsed module "NETWORK-SERVICES-MIB"
Start compiling /private/tmp/opendj-885-ddl/opendj-server-legacy/src/snmp/resource/mib/rfc2021.txt
Has parsed module "RMON2-MIB"
Start compiling /private/tmp/opendj-885-ddl/opendj-server-legacy/src/snmp/resource/mib/mib_core.txt
Has parsed module "CORE-MIB"
Start compiling /private/tmp/opendj-885-ddl/opendj-server-legacy/src/snmp/resource/mib/rfc2605.txt
Has parsed module "DIRECTORY-SERVER-MIB"
Start local resolution for module  NETWORK-SERVICES-MIB
Start local resolution for module  CORE-MIB
Start local resolution for module  DIRECTORY-SERVER-MIB
Start local resolution for module  RMON2-MIB
Start global resolution for module NETWORK-SERVICES-MIB
 "mib-2" from mib NETWORK-SERVICES-MIB is resolved using definition from mib CORE-MIB
 "TimeStamp" from mib NETWORK-SERVICES-MIB is resolved using definition from mib CORE-MIB
 "Counter32" from mib NETWORK-SERVICES-MIB is resolved using definition from mib CORE-MIB
 "Gauge32" from mib NETWORK-SERVICES-MIB is resolved using definition from mib CORE-MIB
 "SnmpAdminString" from mib NETWORK-SERVICES-MIB is resolved using definition from mib CORE-MIB
Start global resolution for module CORE-MIB
Start global resolution for module DIRECTORY-SERVER-MIB
 "mib-2" from mib DIRECTORY-SERVER-MIB is resolved using definition from mib NETWORK-SERVICES-MIB
 "TimeStamp" from mib DIRECTORY-SERVER-MIB is resolved using definition from mib NETWORK-SERVICES-MIB
 "Counter32" from mib DIRECTORY-SERVER-MIB is resolved using definition from mib NETWORK-SERVICES-MIB
 "Gauge32" from mib DIRECTORY-SERVER-MIB is resolved using definition from mib NETWORK-SERVICES-MIB
 "DisplayString" from mib DIRECTORY-SERVER-MIB is resolved using definition from mib CORE-MIB
 "URLString" from mib DIRECTORY-SERVER-MIB is resolved using definition from mib NETWORK-SERVICES-MIB
 "DistinguishedName" from mib DIRECTORY-SERVER-MIB is resolved using definition from mib NETWORK-SERVICES-MIB
 "ZeroBasedCounter32" from mib DIRECTORY-SERVER-MIB is resolved using definition from mib RMON2-MIB
 "applIndex" from mib DIRECTORY-SERVER-MIB is resolved using definition from mib NETWORK-SERVICES-MIB
Start global resolution for module RMON2-MIB
 "Gauge32" from mib RMON2-MIB is resolved using definition from mib NETWORK-SERVICES-MIB
Start generating agent code for mib: DIRECTORY-SERVER-MIB
Generating code for "DsMIB".
Generating interface for "DsMIB".
Generating metadata code for "DsMIB".
Generating code for "DsIntEntry".
Generating interface for "DsIntEntry".
Generating code for "DsIntTable".
Generating metadata code for "DsIntEntry".
Generating code for "DsApplIfOpsEntry".
Generating interface for "DsApplIfOpsEntry".
Generating code for "DsApplIfOpsTable".
Generating metadata code for "DsApplIfOpsEntry".
Generating code for "DsTableEntry".
Generating interface for "DsTableEntry".
Generating code for "DsTable".
Generating metadata code for "DsTableEntry".
Start generating metadata definitions code for variables of mib: DIRECTORY-SERVER-MIB
[INFO] 
[INFO] --- build-helper:3.6.0:add-source (main-java-sources) @ opendj-server-legacy ---
[INFO] Source directory: /private/tmp/opendj-885-ddl/opendj-server-legacy/src/messages/generated added.
[INFO] Source directory: /private/tmp/opendj-885-ddl/opendj-server-legacy/src/messages/src added.
[INFO] Source directory: /private/tmp/opendj-885-ddl/opendj-server-legacy/src/build-tools added.
[INFO] Source directory: /private/tmp/opendj-885-ddl/opendj-server-legacy/target/java-stubs added.
[INFO] 
[INFO] --- build-helper:3.6.0:add-source (snmp-java-sources) @ opendj-server-legacy ---
[INFO] Source directory: /private/tmp/opendj-885-ddl/opendj-server-legacy/src/snmp/generated added.
[INFO] Source directory: /private/tmp/opendj-885-ddl/opendj-server-legacy/src/snmp/src added.
[INFO] Source directory: /private/tmp/opendj-885-ddl/opendj-server-legacy/src/snmp/resource added.
[INFO] 
[INFO] --- antrun:1.8:run (copy-config-ldif) @ opendj-server-legacy ---
[INFO] Executing tasks

main:
     [copy] Copying 1 file to /private/tmp/opendj-885-ddl/opendj-server-legacy/target/template/config
[INFO] Executed tasks
[INFO] 
[INFO] --- resources:3.3.1:resources (default-resources) @ opendj-server-legacy ---
[INFO] Copying 8 resources from src/main/resources to target/classes
[INFO] Copying 0 resource from src/test/java to target/classes
[INFO] skip non existing resourceDirectory /private/tmp/opendj-885-ddl/opendj-server-legacy/src/quicksetup
[INFO] skip non existing resourceDirectory /private/tmp/opendj-885-ddl/opendj-server-legacy/src/guitools
[INFO] Copying 3 resources from resource/mac to target/classes
[INFO] Copying 1 resource from src/main/resources/java-stubs to target/java-stubs
[INFO] The encoding used to copy filtered properties files have not been set. This means that the same encoding will be used to copy filtered properties files as when copying other filtered resources. This might not be what you want! Run your build with --debug to see which files might be affected. Read more at https://maven.apache.org/plugins/maven-resources-plugin/examples/filtering-properties-files.html
[INFO] 
[INFO] --- compiler:3.14.0:compile (default-compile) @ opendj-server-legacy ---
[INFO] Recompiling the module because of changed dependency.
[INFO] Compiling 1562 source files with javac [forked debug target 11] to target/classes
[WARNING] [options] location of system modules is not set in conjunction with -source 11
[WARNING]   not setting the location of system modules may lead to class files that cannot run on JDK 11
    --release 11 is recommended instead of -source 11 -target 11 because it sets the location of system modules automatically
/private/tmp/opendj-885-ddl/opendj-server-legacy/src/main/java/org/opends/server/api/DirectoryThread.java:[213,23] [removal] ThreadDeath in java.lang has been deprecated and marked for removal
[WARNING] /private/tmp/opendj-885-ddl/opendj-server-legacy/src/main/java/org/opends/server/config/ConfigurationHandler.java:[245,14] [removal] finalize() in Object has been deprecated and marked for removal
[WARNING] /private/tmp/opendj-885-ddl/opendj-server-legacy/src/main/java/org/opends/server/discovery/ServiceDiscoveryMechanismConfigManager.java:[157,14] [removal] finalize() in Object has been deprecated and marked for removal
[WARNING] /private/tmp/opendj-885-ddl/opendj-server-legacy/src/main/java/org/opends/server/config/JMXMBean.java:[640,17] [removal] AccessControlContext in java.security has been deprecated and marked for removal
[WARNING] /private/tmp/opendj-885-ddl/opendj-server-legacy/src/main/java/org/opends/server/config/JMXMBean.java:[640,58] [removal] AccessController in java.security has been deprecated and marked for removal
[WARNING] /private/tmp/opendj-885-ddl/opendj-server-legacy/src/main/java/org/opends/server/config/JMXMBean.java:[643,71] [removal] getSubject(AccessControlContext) in Subject has been deprecated and marked for removal
[WARNING] /private/tmp/opendj-885-ddl/opendj-server-legacy/src/main/java/org/opends/quicksetup/TempLogFile.java:[90,170] non-varargs call of varargs method with inexact argument type for last parameter;
  cast to Object for a varargs call
  cast to Object[] for a non-varargs call and to suppress this warning
[WARNING] /private/tmp/opendj-885-ddl/opendj-server-legacy/src/main/java/org/opends/server/tools/dsreplication/ReplicationCliReturnCode.java:[100,2] [dep-ann] deprecated item is not annotated with @Deprecated
[WARNING] /private/tmp/opendj-885-ddl/opendj-server-legacy/src/main/java/org/opends/server/backends/pluggable/OnDiskMergeImporter.java:[276,34] [removal] runFinalization() in Runtime has been deprecated and marked for removal
[WARNING] /private/tmp/opendj-885-ddl/opendj-server-legacy/src/main/java/org/opends/server/extensions/LDAPPassThroughAuthenticationPolicyFactory.java:[965,21] [removal] finalize() in Object has been deprecated and marked for removal
[WARNING] /private/tmp/opendj-885-ddl/opendj-server-legacy/src/main/java/org/opends/server/extensions/SASLContext.java:[557,13] [removal] <T>doAs(Subject,PrivilegedExceptionAction<T>) in Subject has been deprecated and marked for removal
  where T is a type-variable:
    T extends Object declared in method <T>doAs(Subject,PrivilegedExceptionAction<T>)
[WARNING] /private/tmp/opendj-885-ddl/opendj-server-legacy/src/main/java/org/opends/server/protocols/jmx/JmxClientConnection.java:[680,17] [removal] finalize() in Object has been deprecated and marked for removal
[WARNING] /private/tmp/opendj-885-ddl/opendj-server-legacy/src/main/java/org/opends/server/protocols/jmx/OpendsJmxConnector.java:[113,31] [removal] getMBeanServerConnection(Subject) in JMXConnector has been deprecated and marked for removal
[WARNING] /private/tmp/opendj-885-ddl/opendj-server-legacy/src/main/java/org/opends/server/protocols/jmx/OpendsJmxConnector.java:[116,15] [removal] getMBeanServerConnection(Subject) in JMXConnector has been deprecated and marked for removal
[WARNING] /private/tmp/opendj-885-ddl/opendj-server-legacy/src/main/java/org/opends/server/tools/LDAPAuthenticationHandler.java:[1936,13] [removal] <T>doAs(Subject,PrivilegedExceptionAction<T>) in Subject has been deprecated and marked for removal
  where T is a type-variable:
    T extends Object declared in method <T>doAs(Subject,PrivilegedExceptionAction<T>)
[WARNING] /private/tmp/opendj-885-ddl/opendj-server-legacy/src/main/java/org/opends/server/tools/upgrade/UpgradeTasks.java:[651,86] non-varargs call of varargs method with inexact argument type for last parameter;
  cast to Object for a varargs call
  cast to Object[] for a non-varargs call and to suppress this warning
[WARNING] /private/tmp/opendj-885-ddl/opendj-server-legacy/src/snmp/src/org/opends/server/snmp/SNMPMonitor.java:[286,18] [removal] <T>doAs(Subject,PrivilegedAction<T>) in Subject has been deprecated and marked for removal
  where T is a type-variable:
    T extends Object declared in method <T>doAs(Subject,PrivilegedAction<T>)
[INFO] 
[INFO] --- bundle:5.1.9:manifest (opendj-slf4j-adapter-manifest) @ opendj-server-legacy ---
[INFO] No MANIFEST.MF file found, generating manifest.
[INFO] Writing manifest: /private/tmp/opendj-885-ddl/opendj-server-legacy/target/slf4j-adapter-manifest/META-INF/MANIFEST.MF
[INFO] 
[INFO] --- bundle:5.1.9:manifest (opendj-manifest) @ opendj-server-legacy ---
[INFO] No MANIFEST.MF file found, generating manifest.
[WARNING] Manifest org.openidentityplatform.opendj:opendj-server-legacy:jar:5.2.0-SNAPSHOT : Split package, multiple jars provide the same package:org/opends/server/api
Use Import/Export Package directive -split-package:=(merge-first|merge-last|error|first) to get rid of this warning
Package found in   [Jar:., Jar:opendj-legacy]
Class path         [Jar:., Jar:opendj-rest2ldap, Jar:opendj-core, Jar:reactive-streams, Jar:rxjava, Jar:jaxb-api, Jar:javax.activation-api, Jar:jaxb-core, Jar:jaxb-impl, Jar:bc-fips, Jar:bctls-fips, Jar:core, Jar:oauth2, Jar:json-web-token, Jar:client-apache-async, Jar:httpasyncclient-osgi, Jar:httpasyncclient, Jar:httpcore, Jar:httpcore-nio, Jar:httpclient, Jar:commons-codec, Jar:commons-logging, Jar:client-apache-common, Jar:httpclient-osgi, Jar:httpcore-osgi, Jar:jcl-over-slf4j, Jar:api-descriptor, Jar:slf4j, Jar:slf4j-api, Jar:opendj-config, Jar:opendj-cli, Jar:opendj-legacy, Jar:opendj-server, Jar:opendj-grizzly, Jar:grizzly-framework, Jar:jakarta.annotation-api, Jar:jakarta.activation-api, Jar:opendj-ldap-toolkit, Jar:metrics-core, Jar:hdrhistogram-metrics-reservoir, Jar:jsr305, Jar:util, Jar:rhino, Jar:rhino-engine, Jar:json-resource, Jar:json-resource-http, Jar:jackson-databind, Jar:jackson-annotations, Jar:jackson-core, Jar:core, Jar:swagger-models, Jar:guava, Jar:failureaccess, Jar:grizzly, Jar:grizzly-http-server, Jar:grizzly-http, Jar:core, Jar:joda-time, Jar:jakarta.inject-api, Jar:security, Jar:handler-csv, Jar:super-csv, Jar:handler-json, Jar:handler-elasticsearch, Jar:handler-splunk, Jar:handler-jms, Jar:jakarta.jms-api, Jar:json, Jar:jackson-module-jsonSchema, Jar:validation-api, Jar:handler-syslog, Jar:handler-jdbc, Jar:jul-to-slf4j, Jar:caffeine, Jar:jspecify, Jar:error_prone_annotations, Jar:jakarta.mail, Jar:jakarta.activation, Jar:je, Jar:core, Jar:com.io7m.jcip.annotations, Jar:juel-impl, Jar:juel-api, Jar:native-protocol, Jar:java-driver-core, Jar:netty-handler, Jar:netty-common, Jar:netty-resolver, Jar:netty-buffer, Jar:netty-transport, Jar:netty-transport-native-unix-common, Jar:netty-codec-base, Jar:java-driver-guava-shaded, Jar:config, Jar:jnr-posix, Jar:jnr-ffi, Jar:jffi, Jar:jffi, Jar:asm, Jar:asm-commons, Jar:asm-analysis, Jar:asm-tree, Jar:asm-util, Jar:jnr-a64asm, Jar:jnr-x86asm, Jar:jnr-constants, Jar:HdrHistogram, Jar:postgresql, Jar:mysql-connector-j, Jar:protobuf-java, Jar:ojdbc8, Jar:mssql-jdbc, Jar:bcpkix-fips, Jar:bcutil-fips, Jar:jdmkrt, Jar:jdmktk]
[WARNING] Manifest org.openidentityplatform.opendj:opendj-server-legacy:jar:5.2.0-SNAPSHOT : Split package, multiple jars provide the same package:org/opends/server/backends/jeb
Use Import/Export Package directive -split-package:=(merge-first|merge-last|error|first) to get rid of this warning
Package found in   [Jar:., Jar:opendj-legacy]
Class path         [Jar:., Jar:opendj-rest2ldap, Jar:opendj-core, Jar:reactive-streams, Jar:rxjava, Jar:jaxb-api, Jar:javax.activation-api, Jar:jaxb-core, Jar:jaxb-impl, Jar:bc-fips, Jar:bctls-fips, Jar:core, Jar:oauth2, Jar:json-web-token, Jar:client-apache-async, Jar:httpasyncclient-osgi, Jar:httpasyncclient, Jar:httpcore, Jar:httpcore-nio, Jar:httpclient, Jar:commons-codec, Jar:commons-logging, Jar:client-apache-common, Jar:httpclient-osgi, Jar:httpcore-osgi, Jar:jcl-over-slf4j, Jar:api-descriptor, Jar:slf4j, Jar:slf4j-api, Jar:opendj-config, Jar:opendj-cli, Jar:opendj-legacy, Jar:opendj-server, Jar:opendj-grizzly, Jar:grizzly-framework, Jar:jakarta.annotation-api, Jar:jakarta.activation-api, Jar:opendj-ldap-toolkit, Jar:metrics-core, Jar:hdrhistogram-metrics-reservoir, Jar:jsr305, Jar:util, Jar:rhino, Jar:rhino-engine, Jar:json-resource, Jar:json-resource-http, Jar:jackson-databind, Jar:jackson-annotations, Jar:jackson-core, Jar:core, Jar:swagger-models, Jar:guava, Jar:failureaccess, Jar:grizzly, Jar:grizzly-http-server, Jar:grizzly-http, Jar:core, Jar:joda-time, Jar:jakarta.inject-api, Jar:security, Jar:handler-csv, Jar:super-csv, Jar:handler-json, Jar:handler-elasticsearch, Jar:handler-splunk, Jar:handler-jms, Jar:jakarta.jms-api, Jar:json, Jar:jackson-module-jsonSchema, Jar:validation-api, Jar:handler-syslog, Jar:handler-jdbc, Jar:jul-to-slf4j, Jar:caffeine, Jar:jspecify, Jar:error_prone_annotations, Jar:jakarta.mail, Jar:jakarta.activation, Jar:je, Jar:core, Jar:com.io7m.jcip.annotations, Jar:juel-impl, Jar:juel-api, Jar:native-protocol, Jar:java-driver-core, Jar:netty-handler, Jar:netty-common, Jar:netty-resolver, Jar:netty-buffer, Jar:netty-transport, Jar:netty-transport-native-unix-common, Jar:netty-codec-base, Jar:java-driver-guava-shaded, Jar:config, Jar:jnr-posix, Jar:jnr-ffi, Jar:jffi, Jar:jffi, Jar:asm, Jar:asm-commons, Jar:asm-analysis, Jar:asm-tree, Jar:asm-util, Jar:jnr-a64asm, Jar:jnr-x86asm, Jar:jnr-constants, Jar:HdrHistogram, Jar:postgresql, Jar:mysql-connector-j, Jar:protobuf-java, Jar:ojdbc8, Jar:mssql-jdbc, Jar:bcpkix-fips, Jar:bcutil-fips, Jar:jdmkrt, Jar:jdmktk]
[WARNING] Manifest org.openidentityplatform.opendj:opendj-server-legacy:jar:5.2.0-SNAPSHOT : Split package, multiple jars provide the same package:org/opends/server/replication/plugin
Use Import/Export Package directive -split-package:=(merge-first|merge-last|error|first) to get rid of this warning
Package found in   [Jar:., Jar:opendj-legacy]
Class path         [Jar:., Jar:opendj-rest2ldap, Jar:opendj-core, Jar:reactive-streams, Jar:rxjava, Jar:jaxb-api, Jar:javax.activation-api, Jar:jaxb-core, Jar:jaxb-impl, Jar:bc-fips, Jar:bctls-fips, Jar:core, Jar:oauth2, Jar:json-web-token, Jar:client-apache-async, Jar:httpasyncclient-osgi, Jar:httpasyncclient, Jar:httpcore, Jar:httpcore-nio, Jar:httpclient, Jar:commons-codec, Jar:commons-logging, Jar:client-apache-common, Jar:httpclient-osgi, Jar:httpcore-osgi, Jar:jcl-over-slf4j, Jar:api-descriptor, Jar:slf4j, Jar:slf4j-api, Jar:opendj-config, Jar:opendj-cli, Jar:opendj-legacy, Jar:opendj-server, Jar:opendj-grizzly, Jar:grizzly-framework, Jar:jakarta.annotation-api, Jar:jakarta.activation-api, Jar:opendj-ldap-toolkit, Jar:metrics-core, Jar:hdrhistogram-metrics-reservoir, Jar:jsr305, Jar:util, Jar:rhino, Jar:rhino-engine, Jar:json-resource, Jar:json-resource-http, Jar:jackson-databind, Jar:jackson-annotations, Jar:jackson-core, Jar:core, Jar:swagger-models, Jar:guava, Jar:failureaccess, Jar:grizzly, Jar:grizzly-http-server, Jar:grizzly-http, Jar:core, Jar:joda-time, Jar:jakarta.inject-api, Jar:security, Jar:handler-csv, Jar:super-csv, Jar:handler-json, Jar:handler-elasticsearch, Jar:handler-splunk, Jar:handler-jms, Jar:jakarta.jms-api, Jar:json, Jar:jackson-module-jsonSchema, Jar:validation-api, Jar:handler-syslog, Jar:handler-jdbc, Jar:jul-to-slf4j, Jar:caffeine, Jar:jspecify, Jar:error_prone_annotations, Jar:jakarta.mail, Jar:jakarta.activation, Jar:je, Jar:core, Jar:com.io7m.jcip.annotations, Jar:juel-impl, Jar:juel-api, Jar:native-protocol, Jar:java-driver-core, Jar:netty-handler, Jar:netty-common, Jar:netty-resolver, Jar:netty-buffer, Jar:netty-transport, Jar:netty-transport-native-unix-common, Jar:netty-codec-base, Jar:java-driver-guava-shaded, Jar:config, Jar:jnr-posix, Jar:jnr-ffi, Jar:jffi, Jar:jffi, Jar:asm, Jar:asm-commons, Jar:asm-analysis, Jar:asm-tree, Jar:asm-util, Jar:jnr-a64asm, Jar:jnr-x86asm, Jar:jnr-constants, Jar:HdrHistogram, Jar:postgresql, Jar:mysql-connector-j, Jar:protobuf-java, Jar:ojdbc8, Jar:mssql-jdbc, Jar:bcpkix-fips, Jar:bcutil-fips, Jar:jdmkrt, Jar:jdmktk]
[WARNING] Manifest org.openidentityplatform.opendj:opendj-server-legacy:jar:5.2.0-SNAPSHOT : Split package, multiple jars provide the same package:org/opends/server/schema
Use Import/Export Package directive -split-package:=(merge-first|merge-last|error|first) to get rid of this warning
Package found in   [Jar:., Jar:opendj-legacy]
Class path         [Jar:., Jar:opendj-rest2ldap, Jar:opendj-core, Jar:reactive-streams, Jar:rxjava, Jar:jaxb-api, Jar:javax.activation-api, Jar:jaxb-core, Jar:jaxb-impl, Jar:bc-fips, Jar:bctls-fips, Jar:core, Jar:oauth2, Jar:json-web-token, Jar:client-apache-async, Jar:httpasyncclient-osgi, Jar:httpasyncclient, Jar:httpcore, Jar:httpcore-nio, Jar:httpclient, Jar:commons-codec, Jar:commons-logging, Jar:client-apache-common, Jar:httpclient-osgi, Jar:httpcore-osgi, Jar:jcl-over-slf4j, Jar:api-descriptor, Jar:slf4j, Jar:slf4j-api, Jar:opendj-config, Jar:opendj-cli, Jar:opendj-legacy, Jar:opendj-server, Jar:opendj-grizzly, Jar:grizzly-framework, Jar:jakarta.annotation-api, Jar:jakarta.activation-api, Jar:opendj-ldap-toolkit, Jar:metrics-core, Jar:hdrhistogram-metrics-reservoir, Jar:jsr305, Jar:util, Jar:rhino, Jar:rhino-engine, Jar:json-resource, Jar:json-resource-http, Jar:jackson-databind, Jar:jackson-annotations, Jar:jackson-core, Jar:core, Jar:swagger-models, Jar:guava, Jar:failureaccess, Jar:grizzly, Jar:grizzly-http-server, Jar:grizzly-http, Jar:core, Jar:joda-time, Jar:jakarta.inject-api, Jar:security, Jar:handler-csv, Jar:super-csv, Jar:handler-json, Jar:handler-elasticsearch, Jar:handler-splunk, Jar:handler-jms, Jar:jakarta.jms-api, Jar:json, Jar:jackson-module-jsonSchema, Jar:validation-api, Jar:handler-syslog, Jar:handler-jdbc, Jar:jul-to-slf4j, Jar:caffeine, Jar:jspecify, Jar:error_prone_annotations, Jar:jakarta.mail, Jar:jakarta.activation, Jar:je, Jar:core, Jar:com.io7m.jcip.annotations, Jar:juel-impl, Jar:juel-api, Jar:native-protocol, Jar:java-driver-core, Jar:netty-handler, Jar:netty-common, Jar:netty-resolver, Jar:netty-buffer, Jar:netty-transport, Jar:netty-transport-native-unix-common, Jar:netty-codec-base, Jar:java-driver-guava-shaded, Jar:config, Jar:jnr-posix, Jar:jnr-ffi, Jar:jffi, Jar:jffi, Jar:asm, Jar:asm-commons, Jar:asm-analysis, Jar:asm-tree, Jar:asm-util, Jar:jnr-a64asm, Jar:jnr-x86asm, Jar:jnr-constants, Jar:HdrHistogram, Jar:postgresql, Jar:mysql-connector-j, Jar:protobuf-java, Jar:ojdbc8, Jar:mssql-jdbc, Jar:bcpkix-fips, Jar:bcutil-fips, Jar:jdmkrt, Jar:jdmktk]
[WARNING] Manifest org.openidentityplatform.opendj:opendj-server-legacy:jar:5.2.0-SNAPSHOT : Export org.forgerock.opendj.server.embedded,  has 1,  private references [org.opends.server.types]
[INFO] Writing manifest: /private/tmp/opendj-885-ddl/opendj-server-legacy/target/classes/META-INF/MANIFEST.MF
[INFO] 
[INFO] --- resources:3.3.1:testResources (default-testResources) @ opendj-server-legacy ---
[INFO] Copying 1 resource from src/test/resources to target/test-classes
[INFO] 
[INFO] --- compiler:3.14.0:testCompile (default-testCompile) @ opendj-server-legacy ---
[INFO] Recompiling the module because of changed dependency.
[INFO] Compiling 447 source files with javac [forked debug target 11] to target/test-classes
[WARNING] /private/tmp/opendj-885-ddl/opendj-server-legacy/src/test/java/org/opends/server/TestListener.java:[885,15] [removal] runFinalization() in Runtime has been deprecated and marked for removal
[INFO] 
[INFO] --- jar:3.4.2:jar (build-bootstrap-jar) @ opendj-server-legacy ---
[WARNING]  Parameter 'finalName' is read-only, must not be used in configuration
[INFO] Building jar: /private/tmp/opendj-885-ddl/opendj-server-legacy/target/jars/opendj-bootstrap.jar
[INFO] 
[INFO] --- jar:3.4.2:jar (build-bootstrap-client-jar) @ opendj-server-legacy ---
[WARNING]  Parameter 'finalName' is read-only, must not be used in configuration
[INFO] Building jar: /private/tmp/opendj-885-ddl/opendj-server-legacy/target/jars/opendj-bootstrap-client.jar
[INFO] 
[INFO] --- jar:3.4.2:jar (create-build-tools-jar) @ opendj-server-legacy ---
[WARNING]  Parameter 'finalName' is read-only, must not be used in configuration
[INFO] Building jar: /private/tmp/opendj-885-ddl/opendj-server-legacy/target/jars/opendj-build-tools.jar
[INFO] 
[INFO] --- jar:3.4.2:jar (build-quicksetup-jar) @ opendj-server-legacy ---
[WARNING]  Parameter 'finalName' is read-only, must not be used in configuration
[INFO] Building jar: /private/tmp/opendj-885-ddl/opendj-server-legacy/target/jars/opendj-quicksetup.jar
[INFO] 
[INFO] --- jar:3.4.2:jar (build-opendj-slf4j-adapter-jar) @ opendj-server-legacy ---
[WARNING]  Parameter 'finalName' is read-only, must not be used in configuration
[INFO] Building jar: /private/tmp/opendj-885-ddl/opendj-server-legacy/target/jars/opendj-slf4j-adapter.jar
[INFO] 
[INFO] --- jar:3.4.2:jar (build-opendj-je-backend-jar) @ opendj-server-legacy ---
[WARNING]  Parameter 'finalName' is read-only, must not be used in configuration
[INFO] Building jar: /private/tmp/opendj-885-ddl/opendj-server-legacy/target/jars/opendj-je-backend.jar
[INFO] 
[INFO] --- jar:3.4.2:jar (build-caES-jar) @ opendj-server-legacy ---
[WARNING]  Parameter 'finalName' is read-only, must not be used in configuration
[INFO] Building jar: /private/tmp/opendj-885-ddl/opendj-server-legacy/target/jars/opendj-i18n-ca_ES.jar
[INFO] 
[INFO] --- jar:3.4.2:jar (build-de-jar) @ opendj-server-legacy ---
[WARNING]  Parameter 'finalName' is read-only, must not be used in configuration
[INFO] Building jar: /private/tmp/opendj-885-ddl/opendj-server-legacy/target/jars/opendj-i18n-de.jar
[INFO] 
[INFO] --- jar:3.4.2:jar (build-es-jar) @ opendj-server-legacy ---
[WARNING]  Parameter 'finalName' is read-only, must not be used in configuration
[INFO] Building jar: /private/tmp/opendj-885-ddl/opendj-server-legacy/target/jars/opendj-i18n-es.jar
[INFO] 
[INFO] --- jar:3.4.2:jar (build-fr-jar) @ opendj-server-legacy ---
[WARNING]  Parameter 'finalName' is read-only, must not be used in configuration
[INFO] Building jar: /private/tmp/opendj-885-ddl/opendj-server-legacy/target/jars/opendj-i18n-fr.jar
[INFO] 
[INFO] --- jar:3.4.2:jar (build-ja-jar) @ opendj-server-legacy ---
[WARNING]  Parameter 'finalName' is read-only, must not be used in configuration
[INFO] Building jar: /private/tmp/opendj-885-ddl/opendj-server-legacy/target/jars/opendj-i18n-ja.jar
[INFO] 
[INFO] --- jar:3.4.2:jar (build-ko-jar) @ opendj-server-legacy ---
[WARNING]  Parameter 'finalName' is read-only, must not be used in configuration
[INFO] Building jar: /private/tmp/opendj-885-ddl/opendj-server-legacy/target/jars/opendj-i18n-ko.jar
[INFO] 
[INFO] --- jar:3.4.2:jar (build-pl-jar) @ opendj-server-legacy ---
[WARNING]  Parameter 'finalName' is read-only, must not be used in configuration
[INFO] Building jar: /private/tmp/opendj-885-ddl/opendj-server-legacy/target/jars/opendj-i18n-pl.jar
[INFO] 
[INFO] --- jar:3.4.2:jar (build-zh-CN-jar) @ opendj-server-legacy ---
[WARNING]  Parameter 'finalName' is read-only, must not be used in configuration
[INFO] Building jar: /private/tmp/opendj-885-ddl/opendj-server-legacy/target/jars/opendj-i18n-zh_CN.jar
[INFO] 
[INFO] --- jar:3.4.2:jar (build-zh-TW-jar) @ opendj-server-legacy ---
[WARNING]  Parameter 'finalName' is read-only, must not be used in configuration
[INFO] Building jar: /private/tmp/opendj-885-ddl/opendj-server-legacy/target/jars/opendj-i18n-zh_TW.jar
[INFO] 
[INFO] --- assembly:3.7.1:single (build-snmp-jar) @ opendj-server-legacy ---
[INFO] Reading assembly descriptor: src/main/assembly/snmp-jar-assembly.xml
[INFO] Building jar: /private/tmp/opendj-885-ddl/opendj-server-legacy/target/jars/snmp-mib2605.jar
[INFO] 
[INFO] --- antrun:1.8:run (generate-config-ldif) @ opendj-server-legacy ---
[INFO] Executing tasks

main:
[INFO] Executed tasks
[INFO] 
[INFO] --- jar:3.4.2:jar (default-jar) @ opendj-server-legacy ---
[WARNING]  Parameter 'finalName' is read-only, must not be used in configuration
[INFO] Building jar: /private/tmp/opendj-885-ddl/opendj-server-legacy/target/jars/opendj.jar
[INFO] 
[INFO] --- javadoc:3.12.0:jar (attach-javadocs) @ opendj-server-legacy ---
[INFO] Skipping javadoc generation
[INFO] 
[INFO] --- dependency:3.8.1:unpack (unpack-archive) @ opendj-server-legacy ---
[INFO] Configured Artifact: org.openidentityplatform.opendj:opendj-ldap-toolkit:5.2.0-SNAPSHOT:zip
[INFO] 
[INFO] --- assembly:3.7.1:single (build-opendj-archive) @ opendj-server-legacy ---
[INFO] Reading assembly descriptor: src/main/assembly/opendj-snmp-archive-assembly.xml
[WARNING] The following patterns were never triggered in this artifact exclusion filter:
o  'javax.activation:activation'

[INFO] Copying files to /private/tmp/opendj-885-ddl/opendj-server-legacy/target/package/opendj
[INFO] 283 files copied to /private/tmp/opendj-885-ddl/opendj-server-legacy/target/package/opendj
[INFO] 
[INFO] --- assembly:3.7.1:single (build-example-plugin.zip) @ opendj-server-legacy ---
[INFO] Reading assembly descriptor: src/main/assembly/example-plugin-assembly.xml
[INFO] Building zip: /private/tmp/opendj-885-ddl/opendj-server-legacy/target/package/opendj/example-plugin.zip
[INFO] 
[INFO] --- antrun:1.8:run (attach-artifact) @ opendj-server-legacy ---
[INFO] Executing tasks

main:
      [zip] Building zip: /private/tmp/opendj-885-ddl/opendj-server-legacy/target/package/opendj-5.2.0-SNAPSHOT.zip
[INFO] Executed tasks
[INFO] 
[INFO] --- antrun:1.8:run (attach-artifact-slim) @ opendj-server-legacy ---
[INFO] Executing tasks

main:
      [zip] Building zip: /private/tmp/opendj-885-ddl/opendj-server-legacy/target/package/opendj-5.2.0-SNAPSHOT-slim.zip
[INFO] Executed tasks
[INFO] 
[INFO] --- failsafe:3.5.3:integration-test (default) @ opendj-server-legacy ---
[INFO] Using auto detected provider org.apache.maven.surefire.testng.TestNGProvider
[INFO] 
[INFO] -------------------------------------------------------
[INFO]  T E S T S
[INFO] -------------------------------------------------------
[INFO] Running org.opends.server.backends.jdbc.CachedConnectionTestCase
-- Executing test: CachedConnectionTestCase.testABackendClosedAndOpenedAgainPoolsItsConnections()[pri:0, instance:org.opends.server.backends.jdbc.CachedConnectionTestCase@363ee3a2]

How to read the progressive status info:
  Test duration status: {Total min:sec.  Since last status sec.}
  Test count status:  {# test classes  # test methods  # test method invocations  # test failures}.
  In core restart status: {#rs number of in-core restarts}
  TestClass (the class that just completed)

[07/сент./2026:13:49:35 +0300]  { 0:00 (  0s)}  {  0c    0m     0i 0f}  {#rs  0}  : starting
-- Executing test: CachedConnectionTestCase.testABorrowNestedInAnotherMayPassTheBound()[pri:0, instance:org.opends.server.backends.jdbc.CachedConnectionTestCase@363ee3a2]
-- Executing test: CachedConnectionTestCase.testABorrowStopsAtItsDeadlineRatherThanDrainingThePool()[pri:0, instance:org.opends.server.backends.jdbc.CachedConnectionTestCase@363ee3a2]
-- Executing test: CachedConnectionTestCase.testABorrowWithNoDeadlineWaitsForAReturnedConnection()[pri:0, instance:org.opends.server.backends.jdbc.CachedConnectionTestCase@363ee3a2]
-- Executing test: CachedConnectionTestCase.testAConnectBudgetOfTheAdministratorIsNotCappedByThisClass()[pri:0, instance:org.opends.server.backends.jdbc.CachedConnectionTestCase@363ee3a2]
-- Executing test: CachedConnectionTestCase.testAConnectFailingUncheckedCostsThePoolNothing()[pri:0, instance:org.opends.server.backends.jdbc.CachedConnectionTestCase@363ee3a2]
-- Executing test: CachedConnectionTestCase.testAConnectionDroppedInsideTheWindowIsHandedOutOnceAndThenValidated()[pri:0, instance:org.opends.server.backends.jdbc.CachedConnectionTestCase@363ee3a2]
-- Executing test: CachedConnectionTestCase.testAConnectionIsValidatedAgainOnceTheWindowHasPassed()[pri:0, instance:org.opends.server.backends.jdbc.CachedConnectionTestCase@363ee3a2]
-- Executing test: CachedConnectionTestCase.testAConnectionOnItsWayOutIsNotGivenItsBoundBack()[pri:0, instance:org.opends.server.backends.jdbc.CachedConnectionTestCase@363ee3a2]
-- Executing test: CachedConnectionTestCase.testAConnectionProvenAliveIsNotValidatedAgainWithinTheWindow()[pri:0, instance:org.opends.server.backends.jdbc.CachedConnectionTestCase@363ee3a2]
-- Executing test: CachedConnectionTestCase.testAConnectionReturnedAfterTheLastUserLeftIsClosed()[pri:0, instance:org.opends.server.backends.jdbc.CachedConnectionTestCase@363ee3a2]
-- Executing test: CachedConnectionTestCase.testAConnectionStillCarryingTheBoundOfItsLoginIsNotPooled()[pri:0, instance:org.opends.server.backends.jdbc.CachedConnectionTestCase@363ee3a2]
-- Executing test: CachedConnectionTestCase.testAConnectionThePoolClosedIsNotHandedOut()[pri:0, instance:org.opends.server.backends.jdbc.CachedConnectionTestCase@363ee3a2]
-- Executing test: CachedConnectionTestCase.testAConnectionWhoseRollbackFailsUncheckedIsClosed()[pri:0, instance:org.opends.server.backends.jdbc.CachedConnectionTestCase@363ee3a2]
-- Executing test: CachedConnectionTestCase.testACredentialBehindADuplicatedChainIsStillRedacted()[pri:0, instance:org.opends.server.backends.jdbc.CachedConnectionTestCase@363ee3a2]
-- Executing test: CachedConnectionTestCase.testAFailureWhoseCauseIsItsNextExceptionIsRedactedInBoundedTime()[pri:0, instance:org.opends.server.backends.jdbc.CachedConnectionTestCase@363ee3a2]
-- Executing test: CachedConnectionTestCase.testAMessageOfADriverCarriesNoCredentials()[pri:0, instance:org.opends.server.backends.jdbc.CachedConnectionTestCase@363ee3a2]
-- Executing test: CachedConnectionTestCase.testAParameterOfAPostgresUrlOutranksTheBoundOfThisClass()[pri:0, instance:org.opends.server.backends.jdbc.CachedConnectionTestCase@363ee3a2]
-- Executing test: CachedConnectionTestCase.testAPasswordHoldingASlashPairIsNotLeftInTheLog()[pri:0, instance:org.opends.server.backends.jdbc.CachedConnectionTestCase@363ee3a2]
-- Executing test: CachedConnectionTestCase.testAPasswordParameterDoesNotSwallowTheRestOfTheMessage()[pri:0, instance:org.opends.server.backends.jdbc.CachedConnectionTestCase@363ee3a2]
-- Executing test: CachedConnectionTestCase.testAPooledConnectionIsNotDiscardedUnvalidatedAtTheDeadline()[pri:0, instance:org.opends.server.backends.jdbc.CachedConnectionTestCase@363ee3a2]
-- Executing test: CachedConnectionTestCase.testAPooledConnectionThatCannotBeBoundedForItsValidationIsDiscarded()[pri:0, instance:org.opends.server.backends.jdbc.CachedConnectionTestCase@363ee3a2]
-- Executing test: CachedConnectionTestCase.testAPooledConnectionWhoseDriverAnswersANegativeBoundIsPutBackUnbounded()[pri:0, instance:org.opends.server.backends.jdbc.CachedConnectionTestCase@363ee3a2]
-- Executing test: CachedConnectionTestCase.testAPooledConnectionWhoseValidationThrowsIsDiscarded()[pri:0, instance:org.opends.server.backends.jdbc.CachedConnectionTestCase@363ee3a2]
-- Executing test: CachedConnectionTestCase.testAProofTakenWhileTheDatabaseWentAwayIsNotTrusted()[pri:0, instance:org.opends.server.backends.jdbc.CachedConnectionTestCase@363ee3a2]
-- Executing test: CachedConnectionTestCase.testAReadBoundTurnedOffInAPostgresUrlIsReportedOnce()[pri:0, instance:org.opends.server.backends.jdbc.CachedConnectionTestCase@363ee3a2]
-- Executing test: CachedConnectionTestCase.testAReportedConnectCarriesNoCredentials()[pri:0, instance:org.opends.server.backends.jdbc.CachedConnectionTestCase@363ee3a2]
-- Executing test: CachedConnectionTestCase.testAReturnOnAnotherThreadLowersTheDepthOfTheBorrower()[pri:0, instance:org.opends.server.backends.jdbc.CachedConnectionTestCase@363ee3a2]
-- Executing test: CachedConnectionTestCase.testASecondCloseDoesNotPoolTheConnectionTwice()[pri:0, instance:org.opends.server.backends.jdbc.CachedConnectionTestCase@363ee3a2]
-- Executing test: CachedConnectionTestCase.testASettingWorthWarningAboutStillInitializesTheClass(java.lang.String, java.lang.String, long)[pri:0, instance:org.opends.server.backends.jdbc.CachedConnectionTestCase@363ee3a2]
-- Executing test: CachedConnectionTestCase.testASettingWorthWarningAboutStillInitializesTheClass(java.lang.String, java.lang.String, long)[pri:0, instance:org.opends.server.backends.jdbc.CachedConnectionTestCase@363ee3a2]
-- Executing test: CachedConnectionTestCase.testASettingWorthWarningAboutStillInitializesTheClass(java.lang.String, java.lang.String, long)[pri:0, instance:org.opends.server.backends.jdbc.CachedConnectionTestCase@363ee3a2]
-- Executing test: CachedConnectionTestCase.testASettingWorthWarningAboutStillInitializesTheClass(java.lang.String, java.lang.String, long)[pri:0, instance:org.opends.server.backends.jdbc.CachedConnectionTestCase@363ee3a2]
-- Executing test: CachedConnectionTestCase.testAShortPasswordDoesNotRewriteTheMessageOfADriver()[pri:0, instance:org.opends.server.backends.jdbc.CachedConnectionTestCase@363ee3a2]
-- Executing test: CachedConnectionTestCase.testASystemPropertyNoDriverReadsIsNoBound()[pri:0, instance:org.opends.server.backends.jdbc.CachedConnectionTestCase@363ee3a2]
-- Executing test: CachedConnectionTestCase.testASystemPropertyOfTheAdministratorKeepsPrecedence()[pri:0, instance:org.opends.server.backends.jdbc.CachedConnectionTestCase@363ee3a2]
-- Executing test: CachedConnectionTestCase.testAUrlThisBackendCannotBoundIsReportedOnce()[pri:0, instance:org.opends.server.backends.jdbc.CachedConnectionTestCase@363ee3a2]
-- Executing test: CachedConnectionTestCase.testAWindowOfZeroValidatesEveryBorrow()[pri:0, instance:org.opends.server.backends.jdbc.CachedConnectionTestCase@363ee3a2]
-- Executing test: CachedConnectionTestCase.testAZeroIsNotABoundOfTheAdministrator()[pri:0, instance:org.opends.server.backends.jdbc.CachedConnectionTestCase@363ee3a2]
-- Executing test: CachedConnectionTestCase.testAZeroTtlKeepsNoIdleConnection()[pri:0, instance:org.opends.server.backends.jdbc.CachedConnectionTestCase@363ee3a2]
-- Executing test: CachedConnectionTestCase.testAnIdleConnectionIsClosedAfterItsTtl()[pri:0, instance:org.opends.server.backends.jdbc.CachedConnectionTestCase@363ee3a2]
-- Executing test: CachedConnectionTestCase.testAnImportGivesItsConnectionBackWhenTheCommitFailsUnchecked()[pri:0, instance:org.opends.server.backends.jdbc.CachedConnectionTestCase@363ee3a2]
-- Executing test: CachedConnectionTestCase.testAnOpenThatFailsOnTheReturnLeavesTheStorageClosed()[pri:0, instance:org.opends.server.backends.jdbc.CachedConnectionTestCase@363ee3a2]
-- Executing test: CachedConnectionTestCase.testBothPhasesOfTheLoginAreBounded()[pri:0, instance:org.opends.server.backends.jdbc.CachedConnectionTestCase@363ee3a2]
-- Executing test: CachedConnectionTestCase.testBrokenPooledConnectionIsDiscarded()[pri:0, instance:org.opends.server.backends.jdbc.CachedConnectionTestCase@363ee3a2]
-- Executing test: CachedConnectionTestCase.testClosingTheLastUserReleasesTheConnections()[pri:0, instance:org.opends.server.backends.jdbc.CachedConnectionTestCase@363ee3a2]
-- Executing test: CachedConnectionTestCase.testConnectBoundStaysInTheRangeTheDriverTakes()[pri:0, instance:org.opends.server.backends.jdbc.CachedConnectionTestCase@363ee3a2]
-- Executing test: CachedConnectionTestCase.testConnectionIsClosedWhenItsSetupFails()[pri:0, instance:org.opends.server.backends.jdbc.CachedConnectionTestCase@363ee3a2]
-- Executing test: CachedConnectionTestCase.testConnectionIsClosedWhenItsSetupFailsWithAnUncheckedError()[pri:0, instance:org.opends.server.backends.jdbc.CachedConnectionTestCase@363ee3a2]
-- Executing test: CachedConnectionTestCase.testConnectionLimitGivesUpAtTheDeadline()[pri:0, instance:org.opends.server.backends.jdbc.CachedConnectionTestCase@363ee3a2]
-- Executing test: CachedConnectionTestCase.testConnectionLimitIsRetried()[pri:0, instance:org.opends.server.backends.jdbc.CachedConnectionTestCase@363ee3a2]
-- Executing test: CachedConnectionTestCase.testConnectionStringKeepsPrecedence()[pri:0, instance:org.opends.server.backends.jdbc.CachedConnectionTestCase@363ee3a2]
-- Executing test: CachedConnectionTestCase.testConnectionThatCannotBeRolledBackIsClosed()[pri:0, instance:org.opends.server.backends.jdbc.CachedConnectionTestCase@363ee3a2]
-- Executing test: CachedConnectionTestCase.testConnectionsSurviveWhileAnotherBackendStillUsesTheDatabase()[pri:0, instance:org.opends.server.backends.jdbc.CachedConnectionTestCase@363ee3a2]
-- Executing test: CachedConnectionTestCase.testDatabaseOnItsWayUpIsRetried()[pri:0, instance:org.opends.server.backends.jdbc.CachedConnectionTestCase@363ee3a2]
-- Executing test: CachedConnectionTestCase.testDialectIsRecognizedByTheConnectionString()[pri:0, instance:org.opends.server.backends.jdbc.CachedConnectionTestCase@363ee3a2]
-- Executing test: CachedConnectionTestCase.testDiskFullIsNotRetried()[pri:0, instance:org.opends.server.backends.jdbc.CachedConnectionTestCase@363ee3a2]
-- Executing test: CachedConnectionTestCase.testDrainOfThePoolStopsAtTheDeadline()[pri:0, instance:org.opends.server.backends.jdbc.CachedConnectionTestCase@363ee3a2]
-- Executing test: CachedConnectionTestCase.testEveryBoundTurnedOffInAPostgresUrlIsReported()[pri:0, instance:org.opends.server.backends.jdbc.CachedConnectionTestCase@363ee3a2]
-- Executing test: CachedConnectionTestCase.testHoldingAConnectionToOneDatabaseDoesNotExemptABorrowFromAnother()[pri:0, instance:org.opends.server.backends.jdbc.CachedConnectionTestCase@363ee3a2]
-- Executing test: CachedConnectionTestCase.testLoggedConnectionStringCarriesNoCredentials()[pri:0, instance:org.opends.server.backends.jdbc.CachedConnectionTestCase@363ee3a2]
-- Executing test: CachedConnectionTestCase.testLoginIsBoundedWhenTheDatabaseNeverAnswers()[pri:0, instance:org.opends.server.backends.jdbc.CachedConnectionTestCase@363ee3a2]
-- Executing test: CachedConnectionTestCase.testMissingDriverIsReportedAtOnce()[pri:0, instance:org.opends.server.backends.jdbc.CachedConnectionTestCase@363ee3a2]
-- Executing test: CachedConnectionTestCase.testRefusedConnectIsReportedAtOnce()[pri:0, instance:org.opends.server.backends.jdbc.CachedConnectionTestCase@363ee3a2]
-- Executing test: CachedConnectionTestCase.testRejectedLoginIsNotRetried()[pri:0, instance:org.opends.server.backends.jdbc.CachedConnectionTestCase@363ee3a2]
-- Executing test: CachedConnectionTestCase.testTheAttemptIsBoundedByTheDeadlineOfTheBorrow()[pri:0, instance:org.opends.server.backends.jdbc.CachedConnectionTestCase@363ee3a2]
-- Executing test: CachedConnectionTestCase.testTheBorrowsNothingCompensatesAreValidated()[pri:0, instance:org.opends.server.backends.jdbc.CachedConnectionTestCase@363ee3a2]
-- Executing test: CachedConnectionTestCase.testTheBoundHandedToADriverStaysInTheRangeAnIntTakes()[pri:0, instance:org.opends.server.backends.jdbc.CachedConnectionTestCase@363ee3a2]
-- Executing test: CachedConnectionTestCase.testTheBoundOfAnAttemptStaysInRangeWithoutADeadline()[pri:0, instance:org.opends.server.backends.jdbc.CachedConnectionTestCase@363ee3a2]
-- Executing test: CachedConnectionTestCase.testTheBoundOfThePoolReadsItsBoundaryValues()[pri:0, instance:org.opends.server.backends.jdbc.CachedConnectionTestCase@363ee3a2]
-- Executing test: CachedConnectionTestCase.testTheCaseOfAParameterIsTheOneOfItsDriver()[pri:0, instance:org.opends.server.backends.jdbc.CachedConnectionTestCase@363ee3a2]
-- Executing test: CachedConnectionTestCase.testTheConnectionReturnedLastIsBorrowedFirst()[pri:0, instance:org.opends.server.backends.jdbc.CachedConnectionTestCase@363ee3a2]
-- Executing test: CachedConnectionTestCase.testTheDeadlineBoundsAnAttemptTheConnectPropertyDoesNot()[pri:0, instance:org.opends.server.backends.jdbc.CachedConnectionTestCase@363ee3a2]
-- Executing test: CachedConnectionTestCase.testTheLoginThreadOfPostgresDoesNotOutliveTheBorrow()[pri:0, instance:org.opends.server.backends.jdbc.CachedConnectionTestCase@363ee3a2]
-- Executing test: CachedConnectionTestCase.testThePoolDoesNotGrowPastItsBound()[pri:0, instance:org.opends.server.backends.jdbc.CachedConnectionTestCase@363ee3a2]
-- Executing test: CachedConnectionTestCase.testThePoolIsValidatedAgainAfterTheDatabaseDroppedAConnection()[pri:0, instance:org.opends.server.backends.jdbc.CachedConnectionTestCase@363ee3a2]
-- Executing test: CachedConnectionTestCase.testTheReturnToThePoolIsNotTakenForProofOfLife()[pri:0, instance:org.opends.server.backends.jdbc.CachedConnectionTestCase@363ee3a2]
-- Executing test: CachedConnectionTestCase.testTheScheduledSweepClosesOnAThreadOfItsOwn()[pri:0, instance:org.opends.server.backends.jdbc.CachedConnectionTestCase@363ee3a2]
-- Executing test: CachedConnectionTestCase.testTheStorageBorrowsFromThePoolItRegisteredWith()[pri:0, instance:org.opends.server.backends.jdbc.CachedConnectionTestCase@363ee3a2]
-- Executing test: CachedConnectionTestCase.testTheSweepClosesAnIdleConnectionWithNoBorrowBehindIt()[pri:0, instance:org.opends.server.backends.jdbc.CachedConnectionTestCase@363ee3a2]
-- Executing test: CachedConnectionTestCase.testTheSweepDoesNotCloseOnTheSweeperThread()[pri:0, instance:org.opends.server.backends.jdbc.CachedConnectionTestCase@363ee3a2]
-- Executing test: CachedConnectionTestCase.testTheTailOfALongChainIsNamedRatherThanDropped()[pri:0, instance:org.opends.server.backends.jdbc.CachedConnectionTestCase@363ee3a2]
-- Executing test: CachedConnectionTestCase.testTheWholeChainOfTheFailureIsLookedAt()[pri:0, instance:org.opends.server.backends.jdbc.CachedConnectionTestCase@363ee3a2]
-- Executing test: CachedConnectionTestCase.testTheWindowIsClampedToTheIdleTimeOfThePool()[pri:0, instance:org.opends.server.backends.jdbc.CachedConnectionTestCase@363ee3a2]
-- Executing test: CachedConnectionTestCase.testValidationLeavesTheBoundOfTheConnectionStringAlone()[pri:0, instance:org.opends.server.backends.jdbc.CachedConnectionTestCase@363ee3a2]
-- Executing test: CachedConnectionTestCase.testValidationOfAPooledConnectionIsBoundedAtTheSocket()[pri:0, instance:org.opends.server.backends.jdbc.CachedConnectionTestCase@363ee3a2]
[07/сент./2026:13:49:35 +0300]  { 0:27 ( 27s)}  {  1c   83m    86i 0f}  {#rs  0}  : CachedConnectionTestCase 
All of the tests passed.

Wrote full test report to:
/private/tmp/opendj-885-ddl/opendj-server-legacy/target/failsafe-reports/results.txt
Test classes run interleaved: 0
Final amount of memory in use: 56,3 MB
Final number of threads: 12
In core restarts: 0  (took 0,0s on average)
[INFO] Tests run: 86, Failures: 0, Errors: 0, Skipped: 0, Time elapsed: 27.66 s -- in org.opends.server.backends.jdbc.CachedConnectionTestCase
[INFO] Running org.opends.server.backends.jdbc.JDBCDdlLockBoundTestCase
-- Executing test: JDBCDdlLockBoundTestCase.testABoundThatCannotBeReadBackIsNotSetAtAll()[pri:0, instance:org.opends.server.backends.jdbc.JDBCDdlLockBoundTestCase@43301423]

How to read the progressive status info:
  Test duration status: {Total min:sec.  Since last status sec.}
  Test count status:  {# test classes  # test methods  # test method invocations  # test failures}.
  In core restart status: {#rs number of in-core restarts}
  TestClass (the class that just completed)

[07/сент./2026:13:50:04 +0300]  { 0:00 (  0s)}  {  0c    0m     0i 0f}  {#rs  0}  : starting
-- Executing test: JDBCDdlLockBoundTestCase.testAConnectionThatRefusesTheSettingStillRunsTheDdl()[pri:0, instance:org.opends.server.backends.jdbc.JDBCDdlLockBoundTestCase@43301423]
-- Executing test: JDBCDdlLockBoundTestCase.testAFailureThatIsNotALockIsLeftExactlyAsItIs()[pri:0, instance:org.opends.server.backends.jdbc.JDBCDdlLockBoundTestCase@43301423]
-- Executing test: JDBCDdlLockBoundTestCase.testALockTheDdlGaveUpOnNamesTheProperty()[pri:0, instance:org.opends.server.backends.jdbc.JDBCDdlLockBoundTestCase@43301423]
-- Executing test: JDBCDdlLockBoundTestCase.testARewrittenMysqlLockWaitStaysTheConflictAWriteKnows()[pri:0, instance:org.opends.server.backends.jdbc.JDBCDdlLockBoundTestCase@43301423]
-- Executing test: JDBCDdlLockBoundTestCase.testARewrittenSqlServerLockWaitIsMadeNoMoreReplayable()[pri:0, instance:org.opends.server.backends.jdbc.JDBCDdlLockBoundTestCase@43301423]
-- Executing test: JDBCDdlLockBoundTestCase.testASettingThatBrokeOnTheCloseOfItsStatementIsStillTakenOff()[pri:0, instance:org.opends.server.backends.jdbc.JDBCDdlLockBoundTestCase@43301423]
-- Executing test: JDBCDdlLockBoundTestCase.testAStatementItsOwnBoundCancelledIsNotReportedAsALockWait()[pri:0, instance:org.opends.server.backends.jdbc.JDBCDdlLockBoundTestCase@43301423]
-- Executing test: JDBCDdlLockBoundTestCase.testAValueOfZeroOrLessLeavesTheWaitUnbounded()[pri:0, instance:org.opends.server.backends.jdbc.JDBCDdlLockBoundTestCase@43301423]
-- Executing test: JDBCDdlLockBoundTestCase.testAValuePastTheCeilingIsTakenDownToIt()[pri:0, instance:org.opends.server.backends.jdbc.JDBCDdlLockBoundTestCase@43301423]
-- Executing test: JDBCDdlLockBoundTestCase.testAValueThatCouldNotBeGivenBackDoesNotDisplaceTheFailureOfADdl()[pri:0, instance:org.opends.server.backends.jdbc.JDBCDdlLockBoundTestCase@43301423]
-- Executing test: JDBCDdlLockBoundTestCase.testAValueThatCouldNotBeGivenBackDoesNotFailADdlThatWentThrough()[pri:0, instance:org.opends.server.backends.jdbc.JDBCDdlLockBoundTestCase@43301423]
-- Executing test: JDBCDdlLockBoundTestCase.testAValueThatIsNotANumberKeepsTheDefault()[pri:0, instance:org.opends.server.backends.jdbc.JDBCDdlLockBoundTestCase@43301423]
-- Executing test: JDBCDdlLockBoundTestCase.testAValueTheSessionCouldNotBeGivenBackIsNotDisplaced()[pri:0, instance:org.opends.server.backends.jdbc.JDBCDdlLockBoundTestCase@43301423]
-- Executing test: JDBCDdlLockBoundTestCase.testAnEngineThisBackendDoesNotKnowIsLeftAlone()[pri:0, instance:org.opends.server.backends.jdbc.JDBCDdlLockBoundTestCase@43301423]
-- Executing test: JDBCDdlLockBoundTestCase.testAnUnboundedWaitIssuesNoSessionStatement()[pri:0, instance:org.opends.server.backends.jdbc.JDBCDdlLockBoundTestCase@43301423]
-- Executing test: JDBCDdlLockBoundTestCase.testOracleIsLeftToItsOwnDdlLockTimeout()[pri:0, instance:org.opends.server.backends.jdbc.JDBCDdlLockBoundTestCase@43301423]
-- Executing test: JDBCDdlLockBoundTestCase.testTheBoundIsPutBackWhenTheDdlFails()[pri:0, instance:org.opends.server.backends.jdbc.JDBCDdlLockBoundTestCase@43301423]
-- Executing test: JDBCDdlLockBoundTestCase.testTheDefaultGivesUpOnALockAfterFiveSeconds()[pri:0, instance:org.opends.server.backends.jdbc.JDBCDdlLockBoundTestCase@43301423]
-- Executing test: JDBCDdlLockBoundTestCase.testTheDeleteThatEmptiesATreeIsNotBounded()[pri:0, instance:org.opends.server.backends.jdbc.JDBCDdlLockBoundTestCase@43301423]
-- Executing test: JDBCDdlLockBoundTestCase.testTheDropLoopOfARemovedBackendIsBoundedOnce()[pri:0, instance:org.opends.server.backends.jdbc.JDBCDdlLockBoundTestCase@43301423]
-- Executing test: JDBCDdlLockBoundTestCase.testTheDropOfATreeIsBounded()[pri:0, instance:org.opends.server.backends.jdbc.JDBCDdlLockBoundTestCase@43301423]
-- Executing test: JDBCDdlLockBoundTestCase.testWhatEachEngineIsToldAroundADdl(java.lang.String, org.opends.server.backends.jdbc.JDBCStorage$Dialect, java.lang.String, java.util.List)[pri:0, instance:org.opends.server.backends.jdbc.JDBCDdlLockBoundTestCase@43301423]
-- Executing test: JDBCDdlLockBoundTestCase.testWhatEachEngineIsToldAroundADdl(java.lang.String, org.opends.server.backends.jdbc.JDBCStorage$Dialect, java.lang.String, java.util.List)[pri:0, instance:org.opends.server.backends.jdbc.JDBCDdlLockBoundTestCase@43301423]
-- Executing test: JDBCDdlLockBoundTestCase.testWhatEachEngineIsToldAroundADdl(java.lang.String, org.opends.server.backends.jdbc.JDBCStorage$Dialect, java.lang.String, java.util.List)[pri:0, instance:org.opends.server.backends.jdbc.JDBCDdlLockBoundTestCase@43301423]
-- Executing test: JDBCDdlLockBoundTestCase.testWhatEachEngineIsToldAroundADdl(java.lang.String, org.opends.server.backends.jdbc.JDBCStorage$Dialect, java.lang.String, java.util.List)[pri:0, instance:org.opends.server.backends.jdbc.JDBCDdlLockBoundTestCase@43301423]
[07/сент./2026:13:50:04 +0300]  { 0:01 (  1s)}  {  1c   23m    26i 0f}  {#rs  0}  : JDBCDdlLockBoundTestCase 
All of the tests passed.

Wrote full test report to:
/private/tmp/opendj-885-ddl/opendj-server-legacy/target/failsafe-reports/results.txt
Test classes run interleaved: 0
Final amount of memory in use: 69,0 MB
Final number of threads: 4
In core restarts: 0  (took 0,0s on average)
[INFO] Tests run: 26, Failures: 0, Errors: 0, Skipped: 0, Time elapsed: 1.254 s -- in org.opends.server.backends.jdbc.JDBCDdlLockBoundTestCase
[INFO] Running org.opends.server.backends.jdbc.JDBCStatementBoundTestCase
-- Executing test: JDBCStatementBoundTestCase.testABatchWithARowWithoutAValueFailsTheSameWay()[pri:0, instance:org.opends.server.backends.jdbc.JDBCStatementBoundTestCase@318ba8c8]

How to read the progressive status info:
  Test duration status: {Total min:sec.  Since last status sec.}
  Test count status:  {# test classes  # test methods  # test method invocations  # test failures}.
  In core restart status: {#rs number of in-core restarts}
  TestClass (the class that just completed)

[07/сент./2026:13:50:06 +0300]  { 0:00 (  0s)}  {  0c    0m     0i 0f}  {#rs  0}  : starting
-- Executing test: JDBCStatementBoundTestCase.testABoundLargerThanTheBackstopCanHoldIsTakenDownToIt()[pri:0, instance:org.opends.server.backends.jdbc.JDBCStatementBoundTestCase@318ba8c8]
-- Executing test: JDBCStatementBoundTestCase.testACatalogLookupIsBoundedByTheBackstopAlone()[pri:0, instance:org.opends.server.backends.jdbc.JDBCStatementBoundTestCase@318ba8c8]
-- Executing test: JDBCStatementBoundTestCase.testAConnectionThatFailedTheBackstopDoesNotSpeakForTheDriver()[pri:0, instance:org.opends.server.backends.jdbc.JDBCStatementBoundTestCase@318ba8c8]
-- Executing test: JDBCStatementBoundTestCase.testAConnectionThatFailedTheBackstopIsGivenBackWhatItCarried()[pri:0, instance:org.opends.server.backends.jdbc.JDBCStatementBoundTestCase@318ba8c8]
-- Executing test: JDBCStatementBoundTestCase.testADriverWithoutANetworkTimeoutIsNotAskedAgain()[pri:0, instance:org.opends.server.backends.jdbc.JDBCStatementBoundTestCase@318ba8c8]
-- Executing test: JDBCStatementBoundTestCase.testADriverWithoutAQueryTimeoutKeepsWorkingUnderTheBackstop()[pri:0, instance:org.opends.server.backends.jdbc.JDBCStatementBoundTestCase@318ba8c8]
-- Executing test: JDBCStatementBoundTestCase.testAFailureAtTheBoundNamesTheProperty()[pri:0, instance:org.opends.server.backends.jdbc.JDBCStatementBoundTestCase@318ba8c8]
-- Executing test: JDBCStatementBoundTestCase.testAFailureAtTheBoundReportsTheTimeItReallyTook()[pri:0, instance:org.opends.server.backends.jdbc.JDBCStatementBoundTestCase@318ba8c8]
-- Executing test: JDBCStatementBoundTestCase.testAFailureBeforeTheBackstopOfACatalogLookupIsPassedThrough()[pri:0, instance:org.opends.server.backends.jdbc.JDBCStatementBoundTestCase@318ba8c8]
-- Executing test: JDBCStatementBoundTestCase.testAFailureExactlyASlackUnderTheBoundIsStillTheBound()[pri:0, instance:org.opends.server.backends.jdbc.JDBCStatementBoundTestCase@318ba8c8]
-- Executing test: JDBCStatementBoundTestCase.testAFailureFurtherUnderTheBoundIsStillPassedThrough()[pri:0, instance:org.opends.server.backends.jdbc.JDBCStatementBoundTestCase@318ba8c8]
-- Executing test: JDBCStatementBoundTestCase.testAFailureInsideTheBoundIsPassedThrough()[pri:0, instance:org.opends.server.backends.jdbc.JDBCStatementBoundTestCase@318ba8c8]
-- Executing test: JDBCStatementBoundTestCase.testAFailureJustUnderTheBoundStillNamesTheProperty()[pri:0, instance:org.opends.server.backends.jdbc.JDBCStatementBoundTestCase@318ba8c8]
-- Executing test: JDBCStatementBoundTestCase.testAFailureOfAStatementNeitherLayerBoundedIsPassedThrough()[pri:0, instance:org.opends.server.backends.jdbc.JDBCStatementBoundTestCase@318ba8c8]
-- Executing test: JDBCStatementBoundTestCase.testAFailureWhileTheRowsAreReadIsMeasuredAgainstTheBound()[pri:0, instance:org.opends.server.backends.jdbc.JDBCStatementBoundTestCase@318ba8c8]
-- Executing test: JDBCStatementBoundTestCase.testALooserBoundRearmsTheBackstopAndTheTighterOneGetsItBack()[pri:0, instance:org.opends.server.backends.jdbc.JDBCStatementBoundTestCase@318ba8c8]
-- Executing test: JDBCStatementBoundTestCase.testAReadOfARowWithoutAValueFailsTheSameWay()[pri:0, instance:org.opends.server.backends.jdbc.JDBCStatementBoundTestCase@318ba8c8]
-- Executing test: JDBCStatementBoundTestCase.testARowWithoutAValueFailsRatherThanReportingTheKeyAsAbsent()[pri:0, instance:org.opends.server.backends.jdbc.JDBCStatementBoundTestCase@318ba8c8]
-- Executing test: JDBCStatementBoundTestCase.testAValueThatIsNoBoundLeavesTheStatementUnbounded()[pri:0, instance:org.opends.server.backends.jdbc.JDBCStatementBoundTestCase@318ba8c8]
-- Executing test: JDBCStatementBoundTestCase.testAValueThatIsNotANumberFallsBackToTheDefault()[pri:0, instance:org.opends.server.backends.jdbc.JDBCStatementBoundTestCase@318ba8c8]
-- Executing test: JDBCStatementBoundTestCase.testAnUnboundedClassSetsNothing()[pri:0, instance:org.opends.server.backends.jdbc.JDBCStatementBoundTestCase@318ba8c8]
-- Executing test: JDBCStatementBoundTestCase.testAnUnboundedStatementTakesTheBackstopOffWhileItRuns()[pri:0, instance:org.opends.server.backends.jdbc.JDBCStatementBoundTestCase@318ba8c8]
-- Executing test: JDBCStatementBoundTestCase.testDefaultsBoundAnOperationAndLeaveBulkAlone()[pri:0, instance:org.opends.server.backends.jdbc.JDBCStatementBoundTestCase@318ba8c8]
-- Executing test: JDBCStatementBoundTestCase.testEachClassIsConfiguredByItsOwnProperty()[pri:0, instance:org.opends.server.backends.jdbc.JDBCStatementBoundTestCase@318ba8c8]
-- Executing test: JDBCStatementBoundTestCase.testEveryStatementOfAnImportIsBulk()[pri:0, instance:org.opends.server.backends.jdbc.JDBCStatementBoundTestCase@318ba8c8]
-- Executing test: JDBCStatementBoundTestCase.testStartImportClosesTheStorageItOpenedWhenTheImporterCannotBeBuilt()[pri:0, instance:org.opends.server.backends.jdbc.JDBCStatementBoundTestCase@318ba8c8]
-- Executing test: JDBCStatementBoundTestCase.testStartImportGivesTheConnectionBackWhenTheImporterCannotBeBuilt()[pri:0, instance:org.opends.server.backends.jdbc.JDBCStatementBoundTestCase@318ba8c8]
-- Executing test: JDBCStatementBoundTestCase.testTheBackstopDoesNotLoosenATighterBound()[pri:0, instance:org.opends.server.backends.jdbc.JDBCStatementBoundTestCase@318ba8c8]
-- Executing test: JDBCStatementBoundTestCase.testTheBackstopFollowsTheLoosestBoundInFlight()[pri:0, instance:org.opends.server.backends.jdbc.JDBCStatementBoundTestCase@318ba8c8]
-- Executing test: JDBCStatementBoundTestCase.testTheBackstopIsArmedAndPutBack()[pri:0, instance:org.opends.server.backends.jdbc.JDBCStatementBoundTestCase@318ba8c8]
-- Executing test: JDBCStatementBoundTestCase.testTheBackstopOutlastsTheStatementThatArmedIt()[pri:0, instance:org.opends.server.backends.jdbc.JDBCStatementBoundTestCase@318ba8c8]
-- Executing test: JDBCStatementBoundTestCase.testTheBatchesOfABulkCursorAreBulkAndThoseOfASearchAreNot()[pri:0, instance:org.opends.server.backends.jdbc.JDBCStatementBoundTestCase@318ba8c8]
-- Executing test: JDBCStatementBoundTestCase.testTheBoundReachesTheStatement()[pri:0, instance:org.opends.server.backends.jdbc.JDBCStatementBoundTestCase@318ba8c8]
-- Executing test: JDBCStatementBoundTestCase.testTheRowsAreReadWhileTheBoundIsStillArmed()[pri:0, instance:org.opends.server.backends.jdbc.JDBCStatementBoundTestCase@318ba8c8]
-- Executing test: JDBCStatementBoundTestCase.testTheScanBehindTheHighestEntryIdIsBulkAndTheBatchesOfACursorAreNot()[pri:0, instance:org.opends.server.backends.jdbc.JDBCStatementBoundTestCase@318ba8c8]
-- Executing test: JDBCStatementBoundTestCase.testTheStatisticsRefreshRunsUnderItsOwnBoundAndTheBackstop()[pri:0, instance:org.opends.server.backends.jdbc.JDBCStatementBoundTestCase@318ba8c8]
[07/сент./2026:13:50:06 +0300]  { 0:05 (  6s)}  {  1c   37m    37i 0f}  {#rs  0}  : JDBCStatementBoundTestCase 
All of the tests passed.

Wrote full test report to:
/private/tmp/opendj-885-ddl/opendj-server-legacy/target/failsafe-reports/results.txt
Test classes run interleaved: 0
Final amount of memory in use: 45,8 MB
Final number of threads: 4
In core restarts: 0  (took 0,0s on average)
[INFO] Tests run: 37, Failures: 0, Errors: 0, Skipped: 0, Time elapsed: 6.021 s -- in org.opends.server.backends.jdbc.JDBCStatementBoundTestCase
[INFO] Running org.opends.server.backends.jdbc.JDBCStorageRetryTest
-- Executing test: JDBCStorageRetryTest.testAConflictIsNotReadFromTheReleaseOfTheConnection()[pri:0, instance:org.opends.server.backends.jdbc.JDBCStorageRetryTest@d4342c2]

How to read the progressive status info:
  Test duration status: {Total min:sec.  Since last status sec.}
  Test count status:  {# test classes  # test methods  # test method invocations  # test failures}.
  In core restart status: {#rs number of in-core restarts}
  TestClass (the class that just completed)

[07/сент./2026:13:50:12 +0300]  { 0:00 (  0s)}  {  0c    0m     0i 0f}  {#rs  0}  : starting
-- Executing test: JDBCStorageRetryTest.testAConflictIsReplayedFromEitherPhase()[pri:0, instance:org.opends.server.backends.jdbc.JDBCStorageRetryTest@d4342c2]
-- Executing test: JDBCStorageRetryTest.testAConnectionTheDriverClosedIsADroppedOne()[pri:0, instance:org.opends.server.backends.jdbc.JDBCStorageRetryTest@d4342c2]
-- Executing test: JDBCStorageRetryTest.testACreateIndexMysqlCommittedBeforeTakesTheAttemptOutOfTheReplay()[pri:0, instance:org.opends.server.backends.jdbc.JDBCStorageRetryTest@d4342c2]
-- Executing test: JDBCStorageRetryTest.testACreateIndexPostgresRolledBackLeavesTheAttemptReplayable()[pri:0, instance:org.opends.server.backends.jdbc.JDBCStorageRetryTest@d4342c2]
-- Executing test: JDBCStorageRetryTest.testADropAReadRanIntoReachesThePool()[pri:0, instance:org.opends.server.backends.jdbc.JDBCStorageRetryTest@d4342c2]
-- Executing test: JDBCStorageRetryTest.testADropReportedByTheReleaseReachesThePool()[pri:0, instance:org.opends.server.backends.jdbc.JDBCStorageRetryTest@d4342c2]
-- Executing test: JDBCStorageRetryTest.testADroppedConnectionIsReplayedOnlyBeforeTheCommit()[pri:0, instance:org.opends.server.backends.jdbc.JDBCStorageRetryTest@d4342c2]
-- Executing test: JDBCStorageRetryTest.testAFailingCommentConnectionDoesNotReplaceTheFailureOfTheWrite()[pri:0, instance:org.opends.server.backends.jdbc.JDBCStorageRetryTest@d4342c2]
-- Executing test: JDBCStorageRetryTest.testAFailureOfTheStatementIsNotReplayed()[pri:0, instance:org.opends.server.backends.jdbc.JDBCStorageRetryTest@d4342c2]
-- Executing test: JDBCStorageRetryTest.testAnAttemptThatCommittedPartOfItsWorkIsNotReplayed()[pri:0, instance:org.opends.server.backends.jdbc.JDBCStorageRetryTest@d4342c2]
-- Executing test: JDBCStorageRetryTest.testConflictSummaryFallsBackToTheFirstFailureOfTheChain()[pri:0, instance:org.opends.server.backends.jdbc.JDBCStorageRetryTest@d4342c2]
-- Executing test: JDBCStorageRetryTest.testConflictSummaryNamesTheFailureTheReplayWasDecidedOn()[pri:0, instance:org.opends.server.backends.jdbc.JDBCStorageRetryTest@d4342c2]
-- Executing test: JDBCStorageRetryTest.testConflictSummaryNamesTheStateAndTheNumber()[pri:0, instance:org.opends.server.backends.jdbc.JDBCStorageRetryTest@d4342c2]
-- Executing test: JDBCStorageRetryTest.testConflictSummaryTerminatesWithoutASQLException()[pri:0, instance:org.opends.server.backends.jdbc.JDBCStorageRetryTest@d4342c2]
-- Executing test: JDBCStorageRetryTest.testCreatingATreeTakesTheAttemptOutOfTheReplay()[pri:0, instance:org.opends.server.backends.jdbc.JDBCStorageRetryTest@d4342c2]
-- Executing test: JDBCStorageRetryTest.testIsConnectionFailure(java.lang.String, java.lang.Throwable, boolean)[pri:0, instance:org.opends.server.backends.jdbc.JDBCStorageRetryTest@d4342c2]
-- Executing test: JDBCStorageRetryTest.testIsConnectionFailure(java.lang.String, java.lang.Throwable, boolean)[pri:0, instance:org.opends.server.backends.jdbc.JDBCStorageRetryTest@d4342c2]
-- Executing test: JDBCStorageRetryTest.testIsConnectionFailure(java.lang.String, java.lang.Throwable, boolean)[pri:0, instance:org.opends.server.backends.jdbc.JDBCStorageRetryTest@d4342c2]
-- Executing test: JDBCStorageRetryTest.testIsConnectionFailure(java.lang.String, java.lang.Throwable, boolean)[pri:0, instance:org.opends.server.backends.jdbc.JDBCStorageRetryTest@d4342c2]
-- Executing test: JDBCStorageRetryTest.testIsConnectionFailure(java.lang.String, java.lang.Throwable, boolean)[pri:0, instance:org.opends.server.backends.jdbc.JDBCStorageRetryTest@d4342c2]
-- Executing test: JDBCStorageRetryTest.testIsConnectionFailure(java.lang.String, java.lang.Throwable, boolean)[pri:0, instance:org.opends.server.backends.jdbc.JDBCStorageRetryTest@d4342c2]
-- Executing test: JDBCStorageRetryTest.testIsConnectionFailure(java.lang.String, java.lang.Throwable, boolean)[pri:0, instance:org.opends.server.backends.jdbc.JDBCStorageRetryTest@d4342c2]
-- Executing test: JDBCStorageRetryTest.testIsConnectionFailure(java.lang.String, java.lang.Throwable, boolean)[pri:0, instance:org.opends.server.backends.jdbc.JDBCStorageRetryTest@d4342c2]
-- Executing test: JDBCStorageRetryTest.testIsConnectionFailure(java.lang.String, java.lang.Throwable, boolean)[pri:0, instance:org.opends.server.backends.jdbc.JDBCStorageRetryTest@d4342c2]
-- Executing test: JDBCStorageRetryTest.testIsConnectionFailure(java.lang.String, java.lang.Throwable, boolean)[pri:0, instance:org.opends.server.backends.jdbc.JDBCStorageRetryTest@d4342c2]
-- Executing test: JDBCStorageRetryTest.testIsConnectionFailure(java.lang.String, java.lang.Throwable, boolean)[pri:0, instance:org.opends.server.backends.jdbc.JDBCStorageRetryTest@d4342c2]
-- Executing test: JDBCStorageRetryTest.testIsConnectionFailure(java.lang.String, java.lang.Throwable, boolean)[pri:0, instance:org.opends.server.backends.jdbc.JDBCStorageRetryTest@d4342c2]
-- Executing test: JDBCStorageRetryTest.testIsConnectionFailure(java.lang.String, java.lang.Throwable, boolean)[pri:0, instance:org.opends.server.backends.jdbc.JDBCStorageRetryTest@d4342c2]
-- Executing test: JDBCStorageRetryTest.testIsConnectionFailure(java.lang.String, java.lang.Throwable, boolean)[pri:0, instance:org.opends.server.backends.jdbc.JDBCStorageRetryTest@d4342c2]
-- Executing test: JDBCStorageRetryTest.testIsConnectionFailure(java.lang.String, java.lang.Throwable, boolean)[pri:0, instance:org.opends.server.backends.jdbc.JDBCStorageRetryTest@d4342c2]
-- Executing test: JDBCStorageRetryTest.testIsConnectionFailure(java.lang.String, java.lang.Throwable, boolean)[pri:0, instance:org.opends.server.backends.jdbc.JDBCStorageRetryTest@d4342c2]
-- Executing test: JDBCStorageRetryTest.testIsConnectionFailure(java.lang.String, java.lang.Throwable, boolean)[pri:0, instance:org.opends.server.backends.jdbc.JDBCStorageRetryTest@d4342c2]
-- Executing test: JDBCStorageRetryTest.testIsConnectionFailure(java.lang.String, java.lang.Throwable, boolean)[pri:0, instance:org.opends.server.backends.jdbc.JDBCStorageRetryTest@d4342c2]
-- Executing test: JDBCStorageRetryTest.testIsConnectionFailure(java.lang.String, java.lang.Throwable, boolean)[pri:0, instance:org.opends.server.backends.jdbc.JDBCStorageRetryTest@d4342c2]
-- Executing test: JDBCStorageRetryTest.testIsConnectionFailure(java.lang.String, java.lang.Throwable, boolean)[pri:0, instance:org.opends.server.backends.jdbc.JDBCStorageRetryTest@d4342c2]
-- Executing test: JDBCStorageRetryTest.testIsConnectionFailure(java.lang.String, java.lang.Throwable, boolean)[pri:0, instance:org.opends.server.backends.jdbc.JDBCStorageRetryTest@d4342c2]
-- Executing test: JDBCStorageRetryTest.testIsRetryableConflict(java.lang.String, java.lang.Throwable, java.lang.String, boolean)[pri:0, instance:org.opends.server.backends.jdbc.JDBCStorageRetryTest@d4342c2]
-- Executing test: JDBCStorageRetryTest.testIsRetryableConflict(java.lang.String, java.lang.Throwable, java.lang.String, boolean)[pri:0, instance:org.opends.server.backends.jdbc.JDBCStorageRetryTest@d4342c2]
-- Executing test: JDBCStorageRetryTest.testIsRetryableConflict(java.lang.String, java.lang.Throwable, java.lang.String, boolean)[pri:0, instance:org.opends.server.backends.jdbc.JDBCStorageRetryTest@d4342c2]
-- Executing test: JDBCStorageRetryTest.testIsRetryableConflict(java.lang.String, java.lang.Throwable, java.lang.String, boolean)[pri:0, instance:org.opends.server.backends.jdbc.JDBCStorageRetryTest@d4342c2]
-- Executing test: JDBCStorageRetryTest.testIsRetryableConflict(java.lang.String, java.lang.Throwable, java.lang.String, boolean)[pri:0, instance:org.opends.server.backends.jdbc.JDBCStorageRetryTest@d4342c2]
-- Executing test: JDBCStorageRetryTest.testIsRetryableConflict(java.lang.String, java.lang.Throwable, java.lang.String, boolean)[pri:0, instance:org.opends.server.backends.jdbc.JDBCStorageRetryTest@d4342c2]
-- Executing test: JDBCStorageRetryTest.testIsRetryableConflict(java.lang.String, java.lang.Throwable, java.lang.String, boolean)[pri:0, instance:org.opends.server.backends.jdbc.JDBCStorageRetryTest@d4342c2]
-- Executing test: JDBCStorageRetryTest.testIsRetryableConflict(java.lang.String, java.lang.Throwable, java.lang.String, boolean)[pri:0, instance:org.opends.server.backends.jdbc.JDBCStorageRetryTest@d4342c2]
-- Executing test: JDBCStorageRetryTest.testIsRetryableConflict(java.lang.String, java.lang.Throwable, java.lang.String, boolean)[pri:0, instance:org.opends.server.backends.jdbc.JDBCStorageRetryTest@d4342c2]
-- Executing test: JDBCStorageRetryTest.testIsRetryableConflict(java.lang.String, java.lang.Throwable, java.lang.String, boolean)[pri:0, instance:org.opends.server.backends.jdbc.JDBCStorageRetryTest@d4342c2]
-- Executing test: JDBCStorageRetryTest.testIsRetryableConflict(java.lang.String, java.lang.Throwable, java.lang.String, boolean)[pri:0, instance:org.opends.server.backends.jdbc.JDBCStorageRetryTest@d4342c2]
-- Executing test: JDBCStorageRetryTest.testIsRetryableConflict(java.lang.String, java.lang.Throwable, java.lang.String, boolean)[pri:0, instance:org.opends.server.backends.jdbc.JDBCStorageRetryTest@d4342c2]
-- Executing test: JDBCStorageRetryTest.testIsRetryableConflict(java.lang.String, java.lang.Throwable, java.lang.String, boolean)[pri:0, instance:org.opends.server.backends.jdbc.JDBCStorageRetryTest@d4342c2]
-- Executing test: JDBCStorageRetryTest.testIsRetryableConflict(java.lang.String, java.lang.Throwable, java.lang.String, boolean)[pri:0, instance:org.opends.server.backends.jdbc.JDBCStorageRetryTest@d4342c2]
-- Executing test: JDBCStorageRetryTest.testIsRetryableConflict(java.lang.String, java.lang.Throwable, java.lang.String, boolean)[pri:0, instance:org.opends.server.backends.jdbc.JDBCStorageRetryTest@d4342c2]
-- Executing test: JDBCStorageRetryTest.testIsRetryableConflict(java.lang.String, java.lang.Throwable, java.lang.String, boolean)[pri:0, instance:org.opends.server.backends.jdbc.JDBCStorageRetryTest@d4342c2]
-- Executing test: JDBCStorageRetryTest.testIsRetryableConflict(java.lang.String, java.lang.Throwable, java.lang.String, boolean)[pri:0, instance:org.opends.server.backends.jdbc.JDBCStorageRetryTest@d4342c2]
-- Executing test: JDBCStorageRetryTest.testIsRetryableConflict(java.lang.String, java.lang.Throwable, java.lang.String, boolean)[pri:0, instance:org.opends.server.backends.jdbc.JDBCStorageRetryTest@d4342c2]
-- Executing test: JDBCStorageRetryTest.testIsRetryableConflict(java.lang.String, java.lang.Throwable, java.lang.String, boolean)[pri:0, instance:org.opends.server.backends.jdbc.JDBCStorageRetryTest@d4342c2]
-- Executing test: JDBCStorageRetryTest.testIsRetryableConflict(java.lang.String, java.lang.Throwable, java.lang.String, boolean)[pri:0, instance:org.opends.server.backends.jdbc.JDBCStorageRetryTest@d4342c2]
-- Executing test: JDBCStorageRetryTest.testIsRetryableConflict(java.lang.String, java.lang.Throwable, java.lang.String, boolean)[pri:0, instance:org.opends.server.backends.jdbc.JDBCStorageRetryTest@d4342c2]
-- Executing test: JDBCStorageRetryTest.testIsRetryableConflict(java.lang.String, java.lang.Throwable, java.lang.String, boolean)[pri:0, instance:org.opends.server.backends.jdbc.JDBCStorageRetryTest@d4342c2]
-- Executing test: JDBCStorageRetryTest.testIsRetryableConflict(java.lang.String, java.lang.Throwable, java.lang.String, boolean)[pri:0, instance:org.opends.server.backends.jdbc.JDBCStorageRetryTest@d4342c2]
-- Executing test: JDBCStorageRetryTest.testOpeningAnExistingTreeLeavesTheAttemptReplayable()[pri:0, instance:org.opends.server.backends.jdbc.JDBCStorageRetryTest@d4342c2]
-- Executing test: JDBCStorageRetryTest.testRetryDelayGrowsAndStaysBounded()[pri:0, instance:org.opends.server.backends.jdbc.JDBCStorageRetryTest@d4342c2]
-- Executing test: JDBCStorageRetryTest.testTheConnectionIsAskedWhetherTheDriverClosedIt()[pri:0, instance:org.opends.server.backends.jdbc.JDBCStorageRetryTest@d4342c2]
-- Executing test: JDBCStorageRetryTest.testThePostgresIndexIsAskedOfTheCatalogBeforeItIsCreated()[pri:0, instance:org.opends.server.backends.jdbc.JDBCStorageRetryTest@d4342c2]
-- Executing test: JDBCStorageRetryTest.testTheRollbackOfAFailedAttemptIsNotSwallowed()[pri:0, instance:org.opends.server.backends.jdbc.JDBCStorageRetryTest@d4342c2]
-- Executing test: JDBCStorageRetryTest.testTheWalkOfAFailureStopsAtItsBudget()[pri:0, instance:org.opends.server.backends.jdbc.JDBCStorageRetryTest@d4342c2]
[07/сент./2026:13:50:13 +0300]  { 0:01 (  1s)}  {  1c   24m    66i 0f}  {#rs  0}  : JDBCStorageRetryTest 
All of the tests passed.

Wrote full test report to:
/private/tmp/opendj-885-ddl/opendj-server-legacy/target/failsafe-reports/results.txt
Test classes run interleaved: 0
Final amount of memory in use: 58,2 MB
Final number of threads: 5
In core restarts: 0  (took 0,0s on average)
[INFO] Tests run: 66, Failures: 0, Errors: 0, Skipped: 0, Time elapsed: 1.688 s -- in org.opends.server.backends.jdbc.JDBCStorageRetryTest
[INFO] Running org.opends.server.backends.jdbc.StampConnectionTestCase
-- Executing test: StampConnectionTestCase.testEveryDialectDeclaresBothBounds()[pri:0, instance:org.opends.server.backends.jdbc.StampConnectionTestCase@222114ba]

How to read the progressive status info:
  Test duration status: {Total min:sec.  Since last status sec.}
  Test count status:  {# test classes  # test methods  # test method invocations  # test failures}.
  In core restart status: {#rs number of in-core restarts}
  TestClass (the class that just completed)

[07/сент./2026:13:50:15 +0300]  { 0:00 (  0s)}  {  0c    0m     0i 0f}  {#rs  0}  : starting
-- Executing test: StampConnectionTestCase.testEveryDriverGivesUpOnASilentServer()[pri:0, instance:org.opends.server.backends.jdbc.StampConnectionTestCase@222114ba]
-- Executing test: StampConnectionTestCase.testFailureScopeTellsTheThreeApart()[pri:0, instance:org.opends.server.backends.jdbc.StampConnectionTestCase@222114ba]
-- Executing test: StampConnectionTestCase.testFailureScopeWalksEveryChain()[pri:0, instance:org.opends.server.backends.jdbc.StampConnectionTestCase@222114ba]
-- Executing test: StampConnectionTestCase.testStampConnectionHandsItsBoundsToTheDriver()[pri:0, instance:org.opends.server.backends.jdbc.StampConnectionTestCase@222114ba]
[07/сент./2026:13:50:15 +0300]  { 0:31 ( 31s)}  {  1c    5m     5i 0f}  {#rs  0}  : StampConnectionTestCase 
All of the tests passed.

Wrote full test report to:
/private/tmp/opendj-885-ddl/opendj-server-legacy/target/failsafe-reports/results.txt
Test classes run interleaved: 0
Final amount of memory in use: 29,7 MB
Final number of threads: 7
In core restarts: 0  (took 0,0s on average)
[INFO] Tests run: 5, Failures: 0, Errors: 0, Skipped: 0, Time elapsed: 31.40 s -- in org.opends.server.backends.jdbc.StampConnectionTestCase
[INFO] 
[INFO] Results:
[INFO] 
[INFO] Tests run: 220, Failures: 0, Errors: 0, Skipped: 0
[INFO] 
[INFO] 
[INFO] --- source:3.4.0:jar-no-fork (attach-sources) @ opendj-server-legacy ---
[INFO] Building jar: /private/tmp/opendj-885-ddl/opendj-server-legacy/target/org.openidentityplatform.opendj.opendj-server-legacy-sources.jar
[INFO] 
[INFO] --- failsafe:3.5.3:verify (default) @ opendj-server-legacy ---
[INFO] ------------------------------------------------------------------------
[INFO] Reactor Summary for OpenDJ Directory Services Project 5.2.0-SNAPSHOT:
[INFO] 
[INFO] OpenDJ Directory Services Project .................. SUCCESS [  2.167 s]
[INFO] OpenDJ Core APIs ................................... SUCCESS [ 57.325 s]
[INFO] OpenDJ Grizzly Transport Provider .................. SUCCESS [ 17.333 s]
[INFO] OpenDJ CLI API ..................................... SUCCESS [  9.733 s]
[INFO] OpenDJ SDK Toolkit ................................. SUCCESS [ 19.639 s]
[INFO] OpenDJ Commons REST Adapter ........................ SUCCESS [ 18.948 s]
[INFO] OpenDJ Maven Plugin ................................ SUCCESS [  4.421 s]
[INFO] OpenDJ Configuration API ........................... SUCCESS [01:21 min]
[INFO] OpenDJ Server NG ................................... SUCCESS [  6.071 s]
[INFO] OpenDJ Legacy ...................................... SUCCESS [  1.401 s]
[INFO] OpenDJ Server ...................................... SUCCESS [02:21 min]
[INFO] ------------------------------------------------------------------------
[INFO] BUILD SUCCESS
[INFO] ------------------------------------------------------------------------
[INFO] Total time:  06:03 min
[INFO] Finished at: 2026-09-07T13:50:47+03:00
[INFO] ------------------------------------------------------------------------
